bedrijfsnaam,adress,latitude,longitude,username,
Kfz-Meisterbetrieb mit Tankstelle Gbr Eitze OHG,DRÜBECK - Am Thie 1           ,51.85843,10.7078,220579,geactiveerd
AUTO BEYER,RODGAU - Boschstr. 3,50.05636,8.89647,220576,geactiveerd
Autoservice Michael Borgert,GRONAU - Lise-Meitner-Str. 1,52.21392,7.06796,220575,geactiveerd
Ciplak & Friedrichs GmbH,GELSENKIRCHEN - Auf‘m Wasserkamp 8,51.51983,7.07201,220574,geactiveerd
Auto Diagnose Mill,MILL - Van den Bogaardweg 5,51.67716,5.79213,220573,geactiveerd
Karosserie Bethke GmbH & Co.KG,SOLINGEN - Hildener Str. 19b,51.16773,6.99329,220572,geactiveerd
Bonotech Bedrijfswagens,EVERDINGEN - Tienhovenseweg 9,51.95808,5.14601,220570,geactiveerd
Bellinko CvBa,BAASRODE - Briel 17,51.03051,4.18213,220569,geactiveerd
Unterkircher Bernhard,ANDRIAN - Sonnenstr. 12,46.52039,11.23638,220568,geactiveerd
GEVADO Schadeherstel,UDEN - Westwijk 11,51.67438,5.64562,220567,geactiveerd
Autoservice SVL,BLADEL - Raambrug 6,51.36124,5.20665,220565,geactiveerd
Renault Nieuwendijk Amsterdam Zuid Oost,AMSTERDAM ZUID OOST - Klokkenbergweg 3,52.30354,4.93576,220564,geactiveerd
Alles rund ums Auto,MANSFELD-GORENZEN - Obere Dorf Str. 17,51.56564,11.35025,220563,geactiveerd
Burgaard Sørensen A S,RIBE - Ole Rømers Vej 9,55.35244,8.78051,220562,geactiveerd
Bilhallen Svalöf AB, SVALÖV - Industrigatan 3,55.90577,13.10809,220561,geactiveerd
Nordic Bil AB,ÖDSMÅL - Ödsmåls industriväg 1,58.10875,11.85824,220560,geactiveerd
Autohof Rostock,ROSTOCK - Ostsee-Park-Straße 2D,54.10726,12.03659,220559,geactiveerd
Mogacar Madrid ,MADRID - Calle Alcalá 506,40.44057,-3.6272,220558,geactiveerd
Hedin Bil - Linköping Bilvaruhuset,LINKÖPING - Vigfastgatan 5,58.41691,15.64316,220557,geactiveerd
Autoservice Schenkeveld,"SCHIPLUIDEN - Dorpsstraat, 55",51.97606,4.3121,220556,geactiveerd
Italian Auto Aarhus A S,SKANDERBORG - Grønlandsvej 2,56.05274,9.95871,220555,geactiveerd
Moll Motors ,DENIA - Carretera Ondara/Denia S/N,38.83751,0.08436,220554,geactiveerd
Kfz-Technik Jürgen Oeben GmbH,HEINSBERG - Wasserberger Str. 45,51.07235,6.1209,220553,geactiveerd
KIA LUMENS BVBA   WS,PELT - Peerderlaan 134a,51.21262,5.47283,220552,geactiveerd
Siegfried Buhl GmbH,WILDESHAUSEN - Düngstruper Str. 73,52.87975,8.41507,220549,geactiveerd
Wil-Thi service & onderhoud,DIDAM - Molenhoek 21,51.93626,6.13513,220548,geactiveerd
NET_Import,TRIGE - Randersvej 513,56.25414,10.15459,220547,geactiveerd
Leinweber Karosserie-und Fahrzeugbau GmbH,DAUTPHETAL - Gasserstrasse 21,50.81687,8.52929,220546,geactiveerd
Sörby Autocenter AB,RONNEBY - Sörby Industrigata 3,56.23294,15.25844,220545,geactiveerd
Boren Bil AB,MOTALA - Marmorvägen 2,58.55918,15.02767,220543,geactiveerd
Autobedrijf FA Looymans,VUGHT - Baarzenstraat 7,51.64623,5.29005,220542,geactiveerd
Auto Hofmann GmbH,LICHTENFELS - Wirtsberg 6,50.14393,11.01681,220541,geactiveerd
MVD Autoservice,VELDHOVEN - De Run 5117,51.412115,5.4189096,220540,geactiveerd
Auto Exprezz,ZWIJNDRECHT - Zoutverkopersstraat 9,51.81055,4.59999,220539,geactiveerd
Autobond Group A.S.,PRAHA 9 VYSOČANY - Kolbenova 859/15,50.11067,14.52455,220538,geactiveerd
GARAGE ROSA &amp; FILS,OUGREE - RUE DE LA ROSE 158,50.5819797,5.5393215,220537,geactiveerd
Homolla GmbH,MAGDEBURG - Carnotstr. 10,52.08011,11.62497,220536,geactiveerd
Autodienst Harry,NEUSTADT / HOLSTEIN - Am Holm 78,54.0931,10.7937,220535,geactiveerd
Autopark Zuid ,NIEUW VENNEP - Escudoweg 5/11,52.25532,4.62496,220534,geactiveerd
Automock,BOZEN - Rosengartenstrasse 12,46.49948,11.3604,220533,geactiveerd
GARAGE DEGUELDE,LIMELETTE - AVENUE PIERRE HOLOFFE 1,50.6900662,4.5317173,220531,geactiveerd
L'UNIVERSELLE,LONCIN (ANS) - Rue Edouard Colson78-80,50.66718,5.5033,220530,geactiveerd
Sondrup Bilcenter A S,VIBY J - Gunnar Clausens Vej 4,56.11028,10.12591,220528,geactiveerd
Garage Johan BVBA,OUDSBERGEN - Weg van As 129,51.0308,5.58242,220527,geactiveerd
AZT Autozentrum Reinickendorf GmbH,BERLIN - Eichhorster Weg 71,52.60212,13.33671,220526,geactiveerd
Autohandel A v. d. Flier,DRUNEN - Prins bernhardstraat 41,51.69029,5.13595,220525,geactiveerd
Hulshoff autotechniek,WORKUM - Seburch 20,52.9729,5.433,220524,geactiveerd
KFZ-Werkstatt Günther Schulz,IFFEZHEIM - Nordring 24,48.81911,8.15727,220523,geactiveerd
Garage P&P bvba,BEERZEL - Aarschotbaan 41,51.07763,4.68023,220522,geactiveerd
Garage Andi,DEUTSCHNOFEN IT - Breitenkofl 7 ,46.41021,11.44165,220521,geactiveerd
Garage Wiktor,DORDRECHT - Daltonstraat 14,51.77802,4.63826,220520,geactiveerd
Enzo Automotive,OOSTERHOUT - Sint Paulushof 11,51.6392,4.86702,220519,geactiveerd
KFZ-Meisterbetrieb Bernd Decker,BRILON - Margarethenstrasse 1,51.43199,8.72271,220518,geactiveerd
Keles Karosserie Center OHG,NORDERSTEDT - Oststr. 55,53.72919,10.02274,220516,geactiveerd
Autovakmeester Marcel Hut B.V.,LAREN - Holterweg 2,52.19415,6.36528,220515,geactiveerd
Marco de Rie Autoservice,HARDINXVELD GIESSENDAM - Klompestraat 2,51.82566,4.83071,220514,geactiveerd
Sud Minute,LE BOSC - La meridienne A75 Sortie 75,43.67996,3.38661,220512,geactiveerd
PM Bednarscy Sp. z o.o. Sp. komandytowa,BARANOWO K/POZNANIA - Pozna?ska 14-16,52.43666,16.78551,220511,sepa
Häusler Automobil GmbH & Co. KG,MÜNCHEN - Landsberger Str. 83 – 87,48.13971,11.53607,220509,sepa
Karosserie- & Lackierzentrum Großräschen GmbH,GROSSRÄßSCHEN  - Gewerbestrasse 5 ,51.57995,14.02952,220508,sepa
Leopold Pehn KFZ und Landtechnik,OTTENSCHEIN - Hammerwerk 4,48.44773,15.21004,220507,sepa
Autorepair,APPINGEDAM - Eerste Industrieweg 7,53.30946,6.85166,220506,sepa
Auto Franz,SENDEN - Im Südfeld 94,51.9074,7.48165,220504,sepa
Henk Ploeg Autoschade,"LEEK - Mulderspark, 1",53.15335,6.36576,220503,sepa
Skay Automobile,HERNE - Castroperstrasse 152,51.54922,7.25919,220502,sepa
Van Geel Auto,"KOOG AAN DE ZAAN - Vijfpootveld 17, 17",52.46205,4.8026,220501,sepa
Folkes Bil AB,VILHELMINA - Parallellgatan 82 A,64.61907,16.67296,220500,sepa
Holmström & Lindgren Automobil AB,HALMSTAD - Skyttevägen 23,56.68094,12.88088,220499,sepa
J BIL Upplands Väsby,UPPLANDS VÄSBY - Truckvägen 8,59.51911,17.92792,220498,sepa
Ja-Ja Trucks & Vans,WOERDEN - M.A. Reinaldaweg 4,52.07502,4.90057,220497,sepa
JoJo Kfz-Reparatur und Service GmbH,UNDENHEIM - StaatsratS Schwamb Strasse 136                ,49.84132,8.23596,220496,sepa
Fallström Bil AB,PITEÅ - Batterigatan 3,65.31921,21.44043,220495,sepa
"Hedin Helsingborg Bil AB - Transportbilscenter, Halmstad",HALMSTAD - Olofdalsvägen 37,56.67367,12.80093,220494,sepa
Bengt Lindholm AB,ÖSTERHANINGE - Albybergsringen 114,59.15321,18.16144,220493,sepa
Tofta Bil i Kristianstad AB,KRISTIANSTAD - Blekingevägen 98,56.0279651,14.2103294,220492,sepa
Bilforum i Helsingborg AB,HELSINGBORG - Florettgatan 7,56.07717,12.71738,220491,sepa
Forsgrens Bilfynd AB,ABBORRTRÄSK - Piteåvägen 23,65.4485779,19.3843726,220490,sepa
Eljas Motor AB,BORLÄNGE - Hugo Hedströms väg 6,60.46444,15.46951,220489,sepa
Kor Occasions,SWALMEN - Breden Ars 2a,51.23546,6.03632,220487,sepa
IDP Inbouwspecialisten,"TERNEUZEN - Ambachtsstraat, 35",51.30574,3.85084,220486,sepa
Auto Service Tiems,CREIL - Graaf Florislaan 29,52.76395,5.65886,220485,sepa
Ah Behlen Gmbh,KORBACH - Briloner landstr. 56,51.28224,8.85261,220484,sepa
BCS Lebach GmbH,"LEBACH - Auf dem graben, 9",49.411,6.89637,220483,sepa
Autowerkstatt Süllke,BRIESEN / MARK - Bahnhofstr. 31,52.34504,14.27828,220481,sepa
Petrymobil,"JUNGLINSTER - Zone Industrielle, Rue Hiehl 40",49.70426,6.25359,220480,sepa
Poul Munk A S,SILKEBORG - Nørrevænget 13-23,56.18295,9.54134,220479,sepa
Baan Hengelo B.V.,HENGELO - Goudstraat 50,52.24234,6.7603,220478,sepa
Karosserie- und Lackierzentrum Picker,MINDEN - Potsdamer Str. 1 ,52.30891,8.96672,220477,sepa
Fischer Autohaus in Guben Inh. Dirk Fischer e.K.,EISENHÜTTENSTADT - Alte Poststraße 1D ,52.15242,14.63051,220476,sepa
Dibo-Service Lehnin ,LEHNIN OT LEHNIN - Lindenstraße 31a,52.31502,12.74158,220475,sepa
Visscher PGH Woerden,WOERDEN - Kuipersweg 38,52.08278,4.86286,220474,sepa
Friedrich Autoteile GmbH,NEUSTADT - Sierksdorfer Str. 13,54.09782,10.79297,220472,sepa
Autohaus Radecki GmbH,BERGISCH GLADBACH - Hauptstrasse 58,50.98714,7.12166,220469,sepa
Garage van Puyenbroeck BVBA,LOCHRISTI - Dam 6,51.1356,3.86911,220468,sepa
Garage Michel Lambin,ARLON - Route de Bastogne 395         ,49.7043609,5.8057411,220466,sepa
Lambin Houffalize            ,"HOUFFALIZE              - aux Chéras, 5       ",50.148657,5.796256,220465,sepa
LNL Cars,MECHELEN - Zeevaartstraat 19,51.04142,4.46148,220464,sepa
Autoservice Theunissen,"NIJMEGEN - Dr. de Blecourtstraat, 98a",51.84115,5.81466,220463,sepa
Autosleutel Specialist,GELRODE - Leuvensesteenweg 513,50.96715,4.78986,220462,sepa
Auto Palace Rijkmans Emmeloord,EMMELOORD - Produktieweg 12,52.69895,5.75644,220461,sepa
Cordal bedrijfswagens,WINTERSWIJK - Lorentzstraat 2,51.95904,6.70798,220460,sepa
Autobedrijf Super,NIEUW WEERDINGE - Eerste Kruisdiep WZ 87,52.8513393,6.990549,220459,sepa
Vakgarage Amstelland,AMSTELVEEN - Kuiperij 2,52.28106,4.83744,220457,sepa
Bijzaak,SCHAGEN - Witte Paal 109,52.77873,4.80827,220456,sepa
Pazeller Autotechnik KG,MALS IM VINSCHGAU - Staatsstrasse 23,46.68716,10.54366,220455,sepa
Herbrand-Jansen Grevenbroich GmbH ,GREVENBROICH - Rudolf-Diesel-Str. 19 ,51.11041,6.6304,220454,sepa
Carrosserie Santvoort bvba,MERKSEM - Glastraat 27,51.23965,4.45137,220453,sepa
Autoservice Schubotz Freie Werkstatt u. TÜV Stadion,BAD DÜRRENBERG - Weißenfelser 3,51.29166,12.06801,220452,sepa
Voertuigdiagnose DanKar ,GENDT - Olyhorststraat 34,51.88268,5.98516,220451,sepa
Roman Pfneisl gmbh,NEUTAL - Werner von Siemens Strasse 10,47.53817,16.43477,220450,sepa
DAV,"MERY SUR OISE - Za des Bosquets 4, 29 Chemin des Boeufs",49.05331,2.16197,220449,sepa
Garage Joeri Dedecker,PUURS-SINT-AMANDS - Moorstraat 45,51.04756,4.32092,220448,sepa
Verbeek auto`s,HEESBEEN - Industrieweg 6,,,220447,sepa
Spuijbroek Auto's & Campers,VEEN - Bagijnhof 48,51.77618,5.09883,220446,sepa
Garage APK-station Almere Poort,ALMERE - Argonweg 11,52.35521,5.17067,220445,sepa
Millbrook's,"NULAND - Industriestraat, 3a",51.72315,5.44097,220444,sepa
Auto Snellink,VELP - Moeshofweg 27,51.99008,5.98298,220443,sepa
Fahrzeughaus Schubert ,UEBIGAU  - Torgauer str 83,51.59014,13.28129,220440,sepa
RG Automotive,SAINT GERMAIN EN LAYE - 84 Avenue du Marechal Foch,48.90004,2.08864,220439,sepa
SERVICE & SUPPLY,LEUSDEN - ZUIDERINSLAG 10,52.12211,5.41379,220438,sepa
Autobedrijf Bosma Sint Nyk B.V.,SINT NICOLAASGA - Tsjukemarwei 18,52.91831,5.74603,220437,sepa
B&S Autoaanpassing B.V.,HOORN - Kathodeweg 5,52.63674,5.10064,220435,sepa
Rossi auto,NEUHAUSEN AM RHEINFALL - Zollstrasse 105,47.67321,8.59845,220434,sepa
Toon van Eijk,BODEGRAVEN - Binnenweg 7,52.08147,4.74179,220433,sepa
VANDECASTEELE WEVELGEM,WEVELGEM - MENENSTRAAT 66,50.80713,3.17446,220432,sepa
Ter Haar Autoschade,BLEISWIJK - Van ,52.01595,4.53621,220430,sepa
Autoservice Kardaun Ohg,KARDAUN - Eggentalerstr. 50,46.49151,11.39373,220429,sepa
AUDA Brass Frankfurt GmbH & Co. KG,OFFENBACH - Mühlheimer Straße 311,50.11024,8.79861,220427,sepa
Garage Peeters Cedric,BONCELLES - Rue de l'eglise 2 a,50.5725,5.53584,220425,sepa
Car 3000 API sprl,FOREST - Rue des anciens etangs 61,50.81839,4.31973,220424,sepa
JvdL Technische Handelsonderneming,PIJNACKER - Mandenmeesterstraat 31,52.01751,4.43661,220423,sepa
Autoschadebedrijf Re-cars,HORST - Doolgaardstraat 10 B,51.45105,6.05806,220422,sepa
Kolbenfresser gmbh,WIESBADEN - Rostocker strasse 12,50.08942,8.28973,220420,sepa
DN Auto ,MEZE  - 12 avenue du mas de garric ,43.44377,3.5767,220419,sepa
Autoplus Hagen,HAGEN - Lenzmannstrasse 7,51.35482,7.47061,220418,sepa
Automobile Hackbusch GmbH & Co. KG,RÖBEL - MÜHLENTOR 10 A,53.37238,12.61164,220417,sepa
Kfz-technik gau-algesheim gmbh,GAU-ALGESHEIM - Ockenheimer straße 72,49.95742,8.00723,220415,sepa
AutoWorx garage,EXMOUTH  - Victoria Way,50.618983,-3.4178447,220414,sepa
Bluekens Truck en Bus B.V.,OOSTERHOUT - Souvereinstraat 4,51.62238,4.87868,220413,sepa
Billagret i Örebro ab,ÖREBRO - Singelvägen 8,59.22961,15.14518,220412,sepa
Autohaus Ellerbek,ELLERBEK - Waldhofstrasse 17,53.64402,9.88599,220411,sepa
Ronny Magnusson Bil AB ,SURTE - Göteborgsvägen 98,57.83809,12.01426,220409,sepa
Antonio Mendez Olmos ,EL HOYO DE PINARES - Cervantes nº 0,40.500537,-4.4211546,220408,sepa
Boelhouwer truck & trailer service,RENSWOUDE - Molenstraat 27,52.07576,5.5357,220407,sepa
Garage de la Rey,ZEIST - De la reylaan 34-24,52.09259,5.24972,220406,sepa
Volvo Group Truck Center Hulst,HULST - Meridiaan 13,51.27105,4.02647,220404,sepa
Bluekens Truck en Bus B.V.,MIDDELHARNIS - Huygens 10,51.76655,4.18228,220403,sepa
BAS Carrosserie,VEGHEL - Eerdsebaan ,51.60363,5.50408,220402,sepa
BAS Truck Center B.V.,NIJMEGEN - Bijsterhuizen 10.03,51.82669,5.76231,220401,sepa
Garage Azur VO Preparation,"CAGNES-SUR-MER - 850 Route de Vence, d36",43.67636,7.14096,220400,sepa
Autospecialist Edwin,KRIMPEN AAN DE LEK - Tiendweg 7a,51.89726,4.63852,220397,
Masternou ,BARCELONA - Calle Ciudad de Asunción 55 -,41.44149,2.19978,220395,
Kühweider,STAINZL - Graschuh 26,46.8732,15.28486,220393,
Olm-Gebr. Broere,KRIMPEN AD IJSSEL - Olm 9,51.91512,4.61701,220392,
Hylkema Emmeloord,EMMELOORD - Traktieweg 20,52.69337,5.7593,220391,
Steenwijk,STEENWIJK - Dolderweg 48,52.78845,6.09333,220390,
AUTOMAGENTA S.R.L,MAGENTA - Via Robecco 9,45.45477,8.88517,220389,
Garage Grisnigt,DEN BURG - Bernhardlaan 170,53.05919,4.79785,220388,
Autohaus Nastätten GmbH,NASTÄTTEN - Rheinstraße 62a,50.19795,7.84676,220387,
Weibel-Delcorte Automobiles,"COURCELLES (BELGIQUE) - Avenue de wallonie, 90",50.4733666,4.3585273,220386,
Auto Wijkermeer,BEVERWIJK - Kanaalweg 61,52.47285,4.67246,220383,
Wheelerdealer V.O.F.,CUIJK - Lange Beijerd 14d,51.72659,5.86672,220382,
Wheels & Deals,LOOSDRECHT - Nootweg 36a,52.19948,5.14052,220381,
JTB Solutions,KOOTSTERTILLE - Kanselarije 20,53.21655,6.08987,220380,
Auto Haarhuis Almelo,ALMELO  - Twentepoort West 9 ,52.3282,6.64887,220379,
Autohaus G. Röttering GmbH,OCHTRUP  - Gronauer Str. 112,52.20725,7.16845,220378,
Brandstätter Motorrad & Kfz Fachwerkstatt,HALLEIN - Degelestrasse 4,47.68708,13.09898,220376,
Autobedrijf Kreijne Amersfoort,AMERSFOORT - Maanlander 7,52.19656,5.38856,220375,
KR-Tuning,LILIENFELD - Perlmoosergasse 7,48.00806,15.57545,220374,
Cheitschner GmbH,MARZ - Bundesstrasse 30,47.72766,16.41282,220372,
Autohaus Hildebrandt GmbH & Co. KG,WIPPERFÜRTH - Harhausen 2b,51.1258,7.41579,220371,
Mogacar Madrid ,ALCALÁ DE HENARES - Avenida Via Complutense 107,40.4918794,-3.3539165,220370,
Auto Leitner,ALTRUPPERSDORF - Zur kapelle 7,48.69071,16.54575,220369,
Van Renselaar cars b.v,ZWOLLE - Molenland 1,52.52439,6.12387,220368,
Kfz-Kiencke,BAESWEILER - Josefstrasse 8,50.9314928,6.1886794,220367,
ABH FLEURUS (Auto Modus),FLEURUS - CHAUSSEE DE CHARLEROI 773,50.45946,4.53005,220365,
Autos Hermans,KONTICH - Dorre eikstraat 49,51.12971,4.47645,220364,
Autohaus Hildebrandt GmbH & Co. KG,WIPPERFÜRTH - Harhausen 2b,51.1258,7.41579,220363,
Autobedrijf T Willemsen vof,DIDAM - Aalsbergen 14,51.93105,6.11527,220362,
KFZ Werkstatt Verli,MÜRZZUSCHLAG - Grazer Strasse 60a,47.5916,15.66155,220361,
A6 Las & Larm AB,JONKOPING - Kungsangsvagen 7,57.78112,14.23554,220360,
SH Autodiagnose,TERNEUZEN - Dokweg 36,51.32688,3.83432,220359,
Auto-service-Küpper,KREUZAU - Kollweg 18,50.76482,6.52174,220358,
Autobedrijf Peter Ursem  Schagen B.V.,SCHAGEN - Witte Paal 321 ,52.7795,4.81402,220356,
Garage Daneels,HERENTHOUT - Itegemsesteenweg120,51.12912,4.7609,220355,
Automaterialen Heesch,HEESCH - Bosschebaan 78 ,51.73245,5.50094,220354,
RPF Winter e.U.,WIEN - Pfadenhauergasse 10,48.19322,16.30434,220352,
Autoservice Berry,GENDT - Henry Dunantstraat 10a,51.87616,5.94472,220351,
Zeeuw Automotive Rotterdam b.v.,ROTTERDAM - Jacques Dutilhweg 443,51.92897,4.55039,220350,
Zweirad & Fahrzeugtechnik Rainer Welter,REMAGEN - Dieselstrasse 13,50.56432,7.24757,220349,
Autoshop Wassenaar,LEEUWARDEN - Julianalaan 5,53.1865,5.79556,220348,
B2 Bilcenter ApS,GENTOFTE - Lagergårdsvej 23,55.7565,12.51032,220347,
Classic Paradise,NEDERHEMERT-NOORD - Ambachtshof 17,51.76899,5.16321,220346,
Terlouw Diesel Center B.V.,MIJNSHEERENLAND - Raadhuislaan 50,51.80143,4.48017,220344,
Auto-Service Gerd Ertner & Söhne GmbH,HILDEN - Stockshausstraße 1-3,51.17695,6.92574,220343,
Autogalerie Pagalies GmbH,KAARST  - Düsselstraße 10,51.21887,6.62637,220342,
Garage Ameel,WATERMAEL BOITSFORT - 112 Rue de l'Hosice Communal,50.80155,4.42051,220341,
Garage Broos,MEER  - Beeksestraat 13,51.44205,4.74642,220340,
Faccioli Center Srl,VILLAFRANCA DI VERONA VR - Via Adamello 19,45.363746,10.8579561,220339,
Auto Bebion Nürtingen GmbH,FRICKENHAUSEN - Siemensstraße 12,48.59712,9.35929,220338,
Autoservice Simon Hemmen,EMMEN - Roald Amundsenstraat 23,52.74557,6.94332,220337,
De Ruiter Autotechniek,BENEDEN LEEUWEN  - Waterstraat 13,51.8849,5.5331,220336,
DE BONA SRL,FELTRE - Via Cavalieri di Vittorio Veneto 8/F ,46.01264,11.88523,220335,
BMT AB,HUDDINGE - Regulatorvägen 7,59.22216,17.96281,220334,
Schulz Biler ,NYKØBING FALSTER - Herningvej 11,54.78045,11.87882,220333,
Car services cv,"GANSHOREN - Johann sebastien bachlaan, 22/28",50.87505,4.30254,220332,
Autohaus Mühlenbein + Sohn GmbH,DETMOLD - Lemgoer Straße 145,51.95482,8.88038,220331,
Bosch Car Service Nieuwenhuijsen bv,HOUTEN - Duwboot 83,52.02309,5.14595,220330,
Automobielbedrijf van der Linde ,EMMELOORD - Tinweg 10,52.68521,5.74085,220329,
Hyundai Motor España Sl,"MADRID - Calle Quintanapalla, 2 - PLT 1",40.49783,-3.66589,220327,
Mobis Parts Europe E.S.,"SAN FERNANDO DE HENARES, MADRID - Calle de los tapiceros nº1",40.44085,-3.49745,220326,
Autohaus Bernhard Osters GmbH ,SÖGEL - Püttkesberge 5,52.8329102,7.5095522,220325,
Kfz MeisterbetriebTräger & Westcott OHG,KROMBACH - Industriestrasse,50.07228,9.22009,220324,
Jos Dekkers Autobanden,SPRANG-CAPELLE - Nies van der Schansstraat 14,51.66619,5.03401,220323,
KC Performance B.V.,HELVOIRT - De Dijk 6,51.6312744,5.2419723,220322,
Auto Engl,GAIS - Industriezone 8,46.8470545,11.9558243,220321,
KFZ-Service-Scheuer,VÖHRINGEN - Ulmer Strasse 50,48.28338,10.07814,220320,
Bvba Garage Cris,DEINZE - Vaart Rechteroever 217,50.99892,3.53734,220319,
M.M.S Garage Schiedam,SCHIEDAM - Koolhovenstraat 5,51.9337,4.39987,220317,
Herne Bay Locks,"HERNE BAY, KENT - 10 Stanley road ",51.3683981,1.1284748,220316,
KFZ Meisterbetrieb Marienthaler Straße GmbH,HAMBURG - Marienthaler Strasse 26,53.5612,10.04076,220315,
Ericars Bosch Car Service Meerssen,MEERSSEN - Sint Josephstraat 44,50.88687,5.74336,220314,
Performance Center GmbH, LÜDENSCHEID - Grebbecker Weg 5,51.2353,7.61033,220313,
Key Click,BROOKWOOD - 301 Connaught Road,51.3036518,-0.645012,220312,
Mandis KFZ,ORT IM INNKREIS - Aichberg 21,48.32247,13.44497,220311,
DABEKO GRONINGEN,GRONINGEN - WISMARWEG 24,53.21943,6.60824,220310,
KFZ-Technik Harald Stange e.U.,GRAZ - Liebenauer hauptstraße 127,47.03627,15.46272,220309,
K.W. Bruun Automotive A S (Opel Sweden),MALMÖ - Hyllie Boulevard 17,55.56393,12.97495,220307,
KFZ Wimmer GmbH,NIEDERHOLLABRUNN - Steinbergstrasse 42,48.44735,16.30536,220306,
Autoservice Foppa,LEIFERS - J.F.Kennedystrasse 274,46.4211,11.33183,220305,
DWE Services,NULAND - Sintjanstraat 11,51.72823,5.43608,220304,
Garage de l'Alienau,RECOGNE - L'Alienau 30,49.9111667,5.3542692,220303,
Demel motors,KLOSTERNEUBURG - Käferkreuzgasse 74,48.31464,16.30319,220302,
D'Hondt Motors,DEURNE - Herentalsebaan 493,51.20561,4.47509,220299,
Doyen Auto B.V.,'S-HERTOGENBOSCH  - Bruistensingel 680 - 698,51.71635,5.3345,220298,
Garage Boxy,DE PINTE -  oude gentweg 10,51.00008,3.65893,220297,
Sachsengarage. ,DRESDEN - Liebstädter Straße 5,51.02744,13.78507,220296,
Sleutelvoorjeauto,ALBLASSERDAM - Kelvinring 13b,51.8544949,4.6744131,220295,
Die Hofwerkstatt,MERZENICH - Lindenstraße 23,50.82685,6.52658,220294,
Autobedrijf Pouwels,OSS - Palestrinastraat 9,51.75907,5.51424,220293,
Garage Grassere,EINDHOVEN - Dillenburgstraat 26A,51.42613,5.43509,220292,
DS Automobile Inh. Antonio Mazzone e.K.,LAMPERTHEIM/HOFHEIM - Lindenstraße 46,49.65413,8.40199,220289,
M.S. Trading,WIJLRE - Marchierstraat 17,50.83089,5.89572,220288,
Pampel & Koch GbR,KALKAR - Reeser Straße 110,51.71881,6.34461,220287,
Autocentrum Norg,NORG - Eenerstraat 65,53.06789,6.44533,220286,
AD Automotive,AALST - Wijngaardveld 2h,50.95411,4.04133,220285,
Autobedrijf Jeroen Epema,DOEZUM - Provincialeweg 131,53.20317,6.25825,220284,
Lappeenrannan Autosähkö Oy,LAPPEENRANTA - Jukolankatu 1,61.06035,28.2553,220283,
Schoenmaker en zn bv,AVENHORN - Kathoek 10,52.61489,4.95598,220282,
Bilboel,ORBASEK - Nyborgvej 27a,55.26473,10.67414,220281,
Jens E. Biler,NYKOBING F. - Holger Brodthagensvej 6,54.75577,11.89636,220280,
jens E. Biler,MARIBO - Vestre Landevej 24,54.78935,11.46824,220279,
Kjerulff A S,SLAGELSE - Sverigesvej 12,55.40524,11.37071,220278,
Jobcar Varebiler AS,KOLDING - Metalvej 2a,55.50799,9.45046,220277,
Osterhaabs Auto,ASSENS - Norre Allé 26,55.2757,9.9114,220276,
Sjelle Autovaerksted,GALTEN - Langelinie 49,56.1823,9.93569,220275,
Svend Pilgaard Automobiler A S,RYOMGARD - Saabydalsvej 2,56.38276,10.48655,220274,
Frilund Biler,DIANALUND - Industri Vest 2,55.53239,11.48024,220273,
Poul Larsen A S,AALBORG - Gammel Gugvej 59,57.02724,9.9283,220272,
Marxrieser & Rahofer GmbH,LEONDING  - Edtstrasse 2,48.2588,14.25941,220271,
Auto Lelieveld,MONSTER - Vlotlaan 322,52.01789,4.16383,220270,
Franz Rüschkamp GmbH & Co. KG,SELM - Schachtstraße 1,51.69326,7.49225,220268,
Autobedrijf Karel Hardeman,KESTEREN - Panhuizerweg 16,51.93581,5.58883,220266,
Autohaus Koschitzky GmbH ,LANDSBERG OT PEIßEN  - Brachwitzerstraße 5,51.50903,12.05495,220265,
Garage DGS,BEERSE - Absheide 1,51.32431,4.82329,220264,
Autohaus Müller & Wipperfeld gmbh,EITORF - Im Auel 27,50.77135,7.4664,220263,
"Lemauto Motor, S.L. ",LEON - Carretera León Astorga km 5,42.4563,-6.05056,220262,
Garage Best Mecanix,KOEKELBERG - Rue Jean Jacket 32,50.85783,4.32856,220261,
Klompcars,NUNSPEET - Hullerweg 107,52.3781,5.76772,220260,
Autosleutels-Zwijndrecht,ZWIJNDRECHT - Hof van Holland 21,51.82252,4.65087,220259,
Lapondec,"SCHAERBEEK - Chaussée de Louvain, 329",50.85223,4.38671,220258,
Auto Schiemenz GmbH,BONN - BAD GODESBERG - Godesberger Str. 11-15,50.6915,7.14707,220257,
Auto Müller GmbH ,NAUMBURG - Am hohen Stein 12,51.14364,11.83418,220256,
Auto Totaal Service Fons Hubers,ZEVENAAR - Marconistraat 7,51.93436,6.08922,220255,
Autohaus Böttche GmbH,BRANDENBURG AN DER HAVEL - Potsdamer Strasse 11,52.40591,12.56951,220253,
Autohaus Böttche GmbH,KLEINMACHNOW - Karl-Marx-Strasse 134,52.4046,13.22653,220252,
Honda Mobility,SLEEUWIJK - Transvaal 73,51.80631,4.93975,220251,
P.C. Schilder Autoschade,HOOGWOUD - Westerboekelweg  46,52.71594,4.93047,220249,
AUTOLO SERVICE AB,VÄSTERÅS - Omformargatan 16,59.65144,16.57151,220248,
Autoschade Beerens,OOSTERHOUT - Kanaalstraat 5,51.64725,4.84859,220246,
Wouda Assendelft,ASSENDELFT - Industrieweg 9a,52.48918,4.76617,220245,
Auto Dönnebrink,STADTLOHN - Eschstrasse 95,51.98577,6.90898,220244,
Jochri-Hamels vof   garage,TILDONK - Kruineikestraat  75,50.94926,4.64404,220243,
Autobedrijf Heije,EDE - Pakhuisweg 18,52.03409,5.59845,220242,
Hugo Pfohe GmbH,BAD SEGEBERG - Esmarchstrasse 13-15,53.94873,10.3061,220241,
JT Motors,SCUNTHORPE - 4 Hebden Rd,53.5946405,-0.6829423,220239,
Pilkes Automobielbedrijf,HEILOO - Handelsweg 24,52.58883,4.70555,220238,
Garage Kristof Keysers,BRECHT - Hensel Laan A27,51.34363,4.65115,220237,
Wessing Automotive,ZWAAG - Schouwmeester 48,52.67225,5.08241,220236,
Imacar Bornem,BORNEM - PUURSESTEENWEG 318,51.09082,4.25029,220235,
GROEP LINDEN NV,OOSTENDE - TORHOUTSESTEENWEG 691,51.19531,2.90019,220234,
Y-cars,ERPE-MERE - Binnenstraat 7,50.94559,3.94726,220233,
Van Maastricht Auto's,DUSSEN - Baan 20,51.72983,4.9861,220232,
Van Loon Automotive,DONGEN - Berlagestraat 6,51.62004,4.95923,220231,
Paulis Nikolaus Theophil Garage,SANKT VITH - Rödgen 3,50.26416,6.20964,220230,
BR Carline,'S-GRAVENZANDE - Edisonstraat 26a,51.99845,4.17858,220228,
Onderhoudsbedrijf Roersma,SKINGEN - Buorren 35,53.20255,5.61914,220227,
Van Esch Auto's B.V.,WIJK EN AALBURG - Ambachtstraat 8,51.76068,5.12131,220226,
Augustin-Group,HANDEWITT - Skandinavien-Bogen 5,54.78026,9.32984,220225,
Autobedrijf Bouwman Peugeot,OMMEN - Patrijsstraat 1,52.52541,6.41667,220224,
Auto-Center Heddier GmbH ,RECKLINGHAUSEN  - Rheinstrasse 11 ,51.57981,7.21528,220223,
EFA Autoteilewelt  GmbH ,FRIEDBERG - Emil-Frey-Strasse 8,50.31856,8.75344,220222,
Benninghofen Kraftfahrzeuggesellschaft mbH,VELBERT - Hattinger Strasse 42,51.37414,7.14305,220221,
Autohaus A. Gruber oHG ,MITTERGARS - Dorfstrasse 33,48.1546,12.32918,220220,
Auto Geissel Vertriebs GmbH ,LUTHERSTADT WITTENBERG  - Dessauer Strasse 123 ,51.87014,12.57374,220219,
"Autohaus Volker Höfert, Inh. Volker Höfert ",GOSLAR - Dörntener Strasse 9,51.92804,10.415,220218,
Autoservice Bilzen Fascomad bvba,BILZEN - Kapittelstraat 10 ,50.87174,5.53045,220217,
Stevns Autoforum,STORE HEDDINGE - Frøslevvej 38,55.30384,12.38049,220216,
Jorn van der Kuur,STIENS - P/a Wythusterwei 53,53.25527,5.76798,220215,
AUDA Brass Frankfurt GmbH & Co. KG,FRANKFURT AM MAIN - Mainzer Landstrasse 164,50.10601,8.65131,220213,
Ad Autobedrijf Mulders,VIERLINGSBEEK - Schootrsveld 2,51.59627,5.99892,220212,
Auto Conen Camping Center,WÜRSELEN - St.-Jobser-Strasse 58,50.80613,6.15753,220211,
Moll Automobile GmbH & Co. KG,KOBLENZ - Am Berg 3,50.37789,7.58236,220208,
Moll Automobile GmbH & Co. KG,KOBLENZ - Am Berg 3,50.37789,7.58236,220207,
Rutte Schadeherstel,OUDERKERK AAN DE AMSTEL - Waver 13,52.25348,4.91143,220206,
HM Total,ZAVENTEM - P/a Molenbergdreef 43/A03,50.87912,4.47026,220205,
Croonen,LOMMEL - Lodewijk De Raefstraat 7,51.2184,5.27121,220204,
Postma Automotive,WARMENHUIZEN - Energiestraat 16,52.71493,4.72946,220203,
Motorbrein   Autobedrijf Heerschap,OUDESCHILD - Schilderweg 251G,53.04183,4.84424,220202,
Jeep-Tech,LINT - Lerenveld 45a,51.12928,4.51272,220200,
Autohof Wolfgang Stöppelkamp GmbH ,LANGEN/GEESTLAND  - Debstedter Strasse 67 ,53.6110172,8.6102594,220198,
Autohof Wolfgang Stöppelkamp GmbH ,BREMERHAVEN - Reitkamp 2 ,53.55071,8.59585,220197,
Garage PM,SINT-AMANDSBERG - Paul de Ryckstraat 2,51.04971,3.7643,220196,
Broekhuis Autoschade ,LELYSTAD - Artemisweg 225 ,52.48255,5.49119,220195,
Autobedrijf van Katwijk,VOLKEL - Vloetstraat 17,51.64589,5.64797,220194,
Garage A-R-T,TILBURG - Kapitein Nemostraat 62,51.56721,5.11009,220193,
CarParts & Service Gövert,REKEN - Alte Ziegelei 8,51.81204,7.0475,220192,
Garage de Spaanse Polder,ROTTERDAM - Bornissestraat 25,51.92553,4.42055,220191,
Van Mossel Groningen ,TYNAARLO - Handelsweg 18,53.08447,6.60231,220190,
Carmaking Autoservice B.V.,HENDRIK-IDO-AMBACHT - Nijverheidsweg 60a,51.8466,4.65265,220188,
Autoservice Pfingsten,MELLE - Breslauer Strasse 24,52.19905,8.34138,220187,
Auto Domicil Dehn GmbH,CUXHAVEN - Humphry-Davy-Strasse 62,53.84476,8.69843,220186,
Autohaus Elfeldt GmbH,HERZBERG - Dresdner Strasse 40,51.6891,13.25432,220185,
Brandt Fordon AB (Tanumshede),TANUMSHEDE - Industrivägen 1,58.72262,11.32912,220184,
Kfz-technik cenan GmbH,NIEDERZIER - Grabenstrasse 60,50.84934,6.45123,220183,
Mixauto Service srl,ROMA - Via del Pianeta Venere n.25,41.81683,12.44671,220181,
EFA Autoteilewelt GmbH,BOCHUM - Wilhelm-Leithe-Weg 81,51.46984,7.13504,220180,
TH Export B.V.,BEEK - Stationstraat 83,50.94029,5.8062,220179,
EFA Autoteilewelt  GmbH ,FRIEDBERG - Emil-Frey-Strasse 8,50.31856,8.75344,220178,
Autobedrijf Bultje,VEENDAM - Transportweg 104,53.12154,6.89283,220177,
PIERRE JOEL AUTOMOTIVE SA,WAVRE - CHAUSSEE DE LOUVAIN 475,50.72357,4.6343,220176,
Elektro - Bosch Car Service,SVENDBORG - Grønnemosevej 8,55.07458,10.58348,220175,
Autocenter Mittsverige ab,SUNDSVALL - Kontorsvägen 9,62.37842,17.36139,220174,
Autocentrum Gennep B.V.,GENNEP - Heijenseweg 55,51.69071,5.97261,220172,
Hobbyfritid i Tenhult AB,TENHULT - Mjälarydsvägen 21,57.70578,14.31684,220167,
Car S,DROGENBOS - Avenue Paul Gilson 354,50.79766,4.3104,220165,
Greg Auto Service,LE MUY - Boulevard des Ferrieres,43.47763,6.53733,220164,
Thrane Steen Skøyen as,OSLO - Drammensveien 161 ,59.92207,10.67615,220163,
Menges & De Vries,EMMEN - Phileas Foggstraat 90a,52.74524,6.94549,220162,
AR AUTOMOBILE,IZEL - Rue de Bouillon 4,49.6887408,5.3855659,220161,
Rudolf Bach GmbH,SAARWELLINGEN - Neuer Kirchplatz 1,49.3652011,6.7980627,220160,
Faldini Service S.R.L.,FOLIGNO - Via delle Industrie 5/B,42.91924,12.72749,220158,
Kfz Service Gapri GmbH & Co KG,SINZIG - Kölnerstrasse 50,50.55652,7.24341,220157,
Diagnose Service Haaglanden,DELFT - Schoemakerstraat 89,52.00297,4.37685,220156,
Hiro Motor ,GIJÓN - Calle Max Planck 40 Polígono i,43.5052068,-5.6917184,220152,
Samauto SRL,MUGGIA - Strada delle Saline 7,45.593886,13.7982913,220151,
Romakuruma ,BADALONA - Calle Acer 20,41.45981,2.25436,220148,
Monza Motor ,GRANADA - Calle Comercio S/N Pol. Ind. E,37.19666,-3.63564,220138,
Ekirauto ,BARACALDO - Calle Ibaibe 29,43.29891,-3.00032,220131,
Auto Hensel GmbH & Co. KG,BAYREUTH - Himmelkronstrasse 12,49.95495,11.54836,220125,
GF CO sprl,BRUXELLES (IXELLES) - 172 Avenue de la Couronne ,50.82819,4.38124,220124,
Garage Johan Oldenhage BV,NIEUW-VENNEP - Tarwestraat 9,52.26649,4.64472,220122,
Autobedrijf P. van Empel,BERLICUM - De Nieuwe Ploeg 8,51.67209,5.41027,220121,
Auto Rob Hoofddorp,HOOFDDORP - Parellaan  7,52.29073,4.68776,220120,
Boonstoppel Boskoop Peugeot,BOSKOOP  - Zijde 450,52.07568,4.63703,220119,
Garage de Marken,ALMERE - Ambachtsmark 65,52.34246,5.22301,220117,
Rohde & Ahlers OHG,WITZENHAUSEN - Mündener Strasse 45,51.38014,9.80188,220115,
Autosleutels Deventer b.v.,DEVENTER - Zweedsestraat 8a24,52.24136,6.18173,220114,
FNS Service bvba,NIEL - Potaardestraat 48,51.103935,4.3573508,220113,
Autoland Pocking GmbH & Co. KG,POCKING - Gewerbering 2,48.40696,13.30399,220112,
Autohaus Böttche GmbH,BRANDENBURG AN DER HAVEL - Potsdamer Straße 11,52.40591,12.56951,220111,
Autobedrijf Schoenmakers,ERP - Heuvelberg 9,51.59156,5.62404,220110,
Autoschade Markerkant,ALMERE - Markerkant 11-31,52.38499,5.21932,220108,
Autohaus Hartmann GmbH,IBBENBÜREN - Gildestrasse 13,52.27299,7.73741,220107,
Bent Pedersen A/S ,ESBJERG Ø - Hedelundvej 11A,55.48269,8.49601,220106,
Bojsen Biler A/S - Lemvig       ,LEMVIG - Industrivej 34,56.54117,8.29463,220105,
Bojsen Biler A S    ,HOLSTEBRO - Hjaltesvej 4,56.36721,8.63546,220104,
Autohaus Stickel KG ,DITZINGEN - Schuckertstrasse 29,48.8187,9.07265,220103,
Havik Auto B.V.,AMSTERDAM - Donauweg 11,52.3939076,4.837503,220102,
Garage de All-Timer,GROOTEBROEK - Industrieweg 38a,52.69431,5.2275,220100,
Visscher Tiel Euro Repar,TIEL - Zuiderhavenweg 7,51.90491,5.43595,220099,
Visscher Gorinchem Euro Repar,GORINCHEM - Marconiweg 7,51.8409,4.99691,220098,
BTS HOOFDDORP (DAGRIT),HOOFDDORP - HOEKSTEEN 16,52.29425,4.71998,220097,
Andersen Biler ,HOLBÆK - Tåstrup Møllevej 6,55.70296,11.70938,220095,
Garage Brito,MOUGINS - 1248 Av Marechal Juin,43.59992,6.99596,220093,
Vortek,PUTTE - Peulissttaat 19,51.0377,4.58884,220092,
Garage Rommens,HEERLE - Herelsestraat 136-136a,51.52074,4.36411,220091,
Twingo Garage Oldenburg,OLDENBURG - August Wilhelm Kühnholz Strasse 24a,53.10876,8.25277,220090,
Volvo Group Truck Center Alblasserdam,ALBLASSERDAM - Nieuwland Parc 111,51.84369,4.6775,220089,
Autobedrijf Gertsen,GENDT - Nijverheidsweg 20,51.87671,5.94029,220088,
Car Care Peeters bvba,KOERSEL - Nieuwendijk 24,51.07515,5.26323,220087,
Öhmans Bil i Sundsvall ab,SUNDSVALL - Norravägen 38,62.42596,17.3476,220086,
Autobedrijf De Winter B.V.,WINSCHOTEN - Transportbaan 22,53.14534,7.04925,220085,
Van Bergen Automobile,KRANENBURG - Klever Strasse 21,51.78758,6.01395,220084,
Automobielbedrijf Blekkink,AALTEN - Bredevoortsestraatweg 119,51.93223,6.59322,220083,
Auto van Duinen B.V.,NIJKERK - Koperslager 6,52.22905,5.46819,220082,
Rema B.V.,SCHERPENZEEL  - Stationsweg 325,52.07947,5.47925,220081,
Autoservice Bertino Manders,VOLKEL - Goorkensweg 28a,51.6535,5.65992,220080,
Autobedrijf de Heer,DORDRECHT - Rijksstraatweg 92,51.76441,4.64352,220079,
VAN BEYNUM GOUDA BV,GOUDA - BURG. VAN REENENSINGEL 117,52.02172,4.68422,220078,
Bertel O. Steen A.S.,FROGNER - Fjeldboveien 9,60.0249,11.0688,220077,
DHZ Garage Vissers,MEIJEL - Banmolen 5,51.35084,5.88025,220076,
Van der Maarl Autotechniek,NIEUW-VENNEP - Luzernestraat 180,52.27109,4.64726,220075,
Boon Automotive,ALMEN - Scheggertdijk 78b,52.1673252,6.3070365,220069,
Karmøy Bil AS,KOPERVIK - Avaldsnesvegen 72,59.29119,5.30323,220068,
Autobedrijf Ista,SIEBENGEWALD - Gochsedijk 85b,51.64926,6.10947,220066,
Garage Boodts,"KRUIBEKE - Molenberg, 66",51.17068,4.27879,220064,
AUTOSCHADE ZAANDAM,ZAANDAM - SCHELLINGWEG 11,52.4284,4.79092,220063,
AUTOSCHADE ALKMAAR,ALKMAAR - BERENKOOG 64,52.65544,4.79556,220062,
Autohaus Hennersdorf GmbH,KUBSCHÜTZ - Alte Löbauer Strasse 2,51.163,14.50765,220061,
Autocentrum Bijvelds,ERP - Cruijgenstraat 34,51.6007,5.61101,220060,
Autotronik,GREZ SUR LOING - 4 Place Honore de Balzac,48.32045,2.69282,220059,
Direkt Auto's,DRUNEN - Groenewoud 19,51.68867,5.15232,220058,
Landrins Bil AB,ESKILSTUNA - Strängnäsvägen 15,59.37444,16.56064,220056,
Landrins Bil AB,ESKILSTUNA - Strängnäsvägen 15,59.37444,16.56064,220055,
Landrins Bil AB,VÄSTERÅS - Fältmätargatan 25,59.6136,16.61417,220054,
Landrins Bil AB,ESKILSTUNA - Växelvägen 8,59.3739,16.5587,220053,
Autekie,SLEIDINGE - Zwaantje 115,51.15461,3.67375,220052,
Garage XLT Bvba,IZEGEM - Prinsessestraat 174,50.92357,3.21977,220051,
Garage Beth sprlu,LENS - Rue Valaville 81,50.55755,3.89797,220050,
De Vinck,HOUFFALIZE - Dinez 2B  ,50.17725,5.78159,220049,
Neufcourt,GLONS - Rue Brouck au Tilleul 44,50.75376,5.54719,220048,
Garage Thierry Van Droogenbroeck bvba,LIEDEKERKE - Nijverheidszone Begijnenmeers 2,50.88444,4.09515,220047,
Autoservice Anthonissen,HALSTEREN - Koningsspil 42,51.5377,4.29144,220043,
A12 Automobile,WILRIJK - Boomsesteenweg 964,51.14915,4.38024,220042,
Garage Ker-Auto,AVENUE DES PLAGES - Avenue des Plages,47.76351,-3.24148,220041,
PARTS CENTER SOUTH,BRUXELLES - Avenue de Vilvorde 162,50.8831873,4.385619,220040,
Logistikpark Stollberg GmbH,STOLLBERG - Auer Strasse 19,50.70218,12.76219,220039,
Garage Carrosserie Robert bvba,KAMPENHOUT - Stationsstraat 35,50.94013,4.55792,220035,
Hedin Uppsala Bil AB,LINKÖPING - Asbjörnsgatan 1,58.41866,15.63784,220034,
Autohaus Kurt Eisenträger,ESCHWEGE - Vor Dem Brückentor 7,51.1923168,10.057673,220033,
Bilkompaniet Sigoro AB,KALIX - Stabsvägen 5,65.8497755,23.1242468,220032,
Bilkompaniet Sigoro AB,ÖJEBYN - Hammarvägen 41,65.33459,21.42123,220031,
Hammarängens Bil AB,SKELLEFTEÅ - Hammarvägen 1,64.73709,20.96276,220030,
Umeå Van Service AB,UMEÅ - Rälsvägen 8,63.84283,20.23533,220029,
Nordemans Bil AB,ÖRNSKÖLDSVIK - Ångermanlandsgatan 21,63.30362,18.71957,220027,
NBE Njurunda Bilel AB,KVISSLEBY - Svartviksvägen 20,62.30847,17.37349,220026,
Northbike & Car Sweden AB,SUNDSVALL - Norravägen 8,62.41219,17.33592,220025,
Biltjänst Hälsingland AB,HUDIKSVALL - Larsvägen 6,61.73784,17.08986,220024,
Bilcity I Bollnäs AB,BOLLNÄS - Hantverkargatan 1,61.34327,16.37223,220023,
Bavaria Gävle,GÄVLE - Skolgången 1-3,60.65803,17.16312,220022,
Bertil Björkman Bil AB,LUDVIKA - Nils Nils Gata 3,60.14914,15.20845,220021,
KC Motors,NORRTÄLJE - Stockholmsvägen 39,59.75128,18.69183,220020,
JM Bil&Lack AB,ENKÖPING - Tallbacksvägen 11,59.63849,17.10585,220019,
Bilforum EK AB,ENKÖPING - Gesällgatan 5,59.64765,17.07938,220018,
Motor-Nilsson Köping AB,KÖPING - Maskinistgatan 4,59.50161,15.99506,220017,
Bertil Björkman Bil Tunbytorp,VÄSTERÅS - Strömledningsgatan 5,59.63973,16.56414,220016,
Nordmarkens Motor AB,ÅRJÄNG - Smedgatan 1,59.39585,12.1365,220015,
Roy Andersson Bilbolaget AB,ARVIKA - Långvaksvägen,59.66375,12.634,220014,
Roy Andersson Bilbolaget AB,BENGTSFORS - Strömgatan 17,59.02609,12.23444,220012,
Kjell Heintz Bil AB,ÅMÅL - Karlstadsvägen 85,59.07013,12.69418,220011,
V8Shopen Karlstad AB,KARLSTAD - Vaxnäsgatan 150,59.38135,13.46945,220010,
Nordmarkens Motor Värmland AB,KARLSTAD - Bromsgatan 9,59.38855,13.47623,220009,
Motorkompaniet,KATRINEHOLM - Bievägen 19,59.00103,16.20753,220008,
Bilhuset På Gotland AB,VISBY - Skarphällsgatan 7,57.63512,18.32547,220007,
Biloteket AB,NYKÖPING - Oldenburgs Allé 12,58.7549685,16.9732565,220006,
Bilcentergruppen Sörmland AB,NYKÖPING - Ringvägen 58,58.74917,17.01902,220005,
Kjell Askling Bil AB,MOTALA - Vintergatan 18,58.54104,15.0156,220004,
Grahns Bilar AB,KISA - Västra Vägen 2,57.98423,15.62392,220003,
Grahns Bilar AB,TRANÅS - Norrabyvägen 6,58.04716,14.98397,220002,
Smålands Motor AB,OSKARSHAMN - Inkörningsvägen,57.25096,16.44254,220001,
Gustaf E. Bil AB,MARIESTAD - Hammarsmedsgatan 30,58.67885,13.81795,220000,
Gustaf E. Bil AB,SKÖVDE - Kaplansgatan 34,58.3952,13.87184,219999,
Gustaf E. Bil AB,LIDKÖPING - Truvegatan 5,58.49747,13.18869,219998,
Roy Andersson Bilbolaget AB,MELLERUD - Sapphultsgatan 6-8,58.70466,12.44786,219997,
Hedin Bil - Trollhättan,TROLLHÄTTAN - Överbyvägen 31,58.31801,12.31218,219996,
Roy Andersson Bilbolaget AB,UDDEVALLA - Frölandsvägen 4,58.35061,11.86704,219995,
Bilcity Stenungsund AB,STENUNGSUND - Stenunge Väg 11,58.07711,11.82688,219994,
Roy Andersson Bilbolaget AB,KUNGÄLV - Filaregatan 7,57.88369,11.98428,219993,
Kungsbacka BilCentrum Försäljn,KUNGSBACKA - Tölöleden 2,57.50989,12.08135,219992,
Mechanum Partille,PARTILLE - Benjamins Väg 12,57.74073,12.13346,219991,
Mechanum Sverige AB,MÖLNDAL - Argongatan 32,57.64109,12.00743,219990,
Hedin Göteborg Bil AB,GÖTEBORG - Argongatan 20,57.65695,11.92224,219989,
Mechanum Tagene,HISINGS KÄRRA - Trankärrsgatan 16,57.78457,11.99595,219988,
Smålands Motor AB,KALMAR - Engelska Vägen 2,56.69555,16.3291,219986,
AB Karlshamns Autoverkstad,KARLSHAMN - Nyemöllevägen 5,56.18853,14.84548,219985,
Bilexpo I Karlskrona Ronneby A,KARLSKRONA - Gullbernavägen 16,56.20056,15.63216,219984,
AB Tingsryds Autoverkstad,TINGSRYD - Strömgatan 8,56.51952,14.98825,219983,
AB Kronobergs Bilaffär,VÄXJÖ - Hejaregatan 6,56.88322,14.77616,219982,
AB Kronobergs Bilaffär,ÄLMHULT - Södra Ringvägen 2,56.53194,14.13348,219981,
AB Kronobergs Bilaffär,LJUNGBY - Bolmstadsvägen 36,56.83831,13.92577,219980,
Bilopalen I Falkenberg,HYLTEBRUK - G:a Nissastigen 75,57.0061,13.22947,219979,
AB Bilopalen I Falkenberg,FALKENBERG - Servicevägen 7,56.90662,12.46051,219978,
Bendt Bil AB,HALMSTAD - Kristinehedsvägen,56.68728,12.89625,219977,
Hedin Stockholm Bil AB,KRISTIANSTAD - Sävvägen 1,56.02159,14.12582,219976,
Newmanbil AB,HÄSSLEHOLM - S Kringelvägen 2,56.15378,13.7807,219975,
Otto Olssons Bil AB,TOMELILLA - Nygatan 35,55.54193,13.96891,219974,
Bilpartner Skåne AB,KLIPPAN - Storgatan 10,56.13397,13.13794,219973,
Fribrocks Bil AB,ÄNGELHOLM - Helsingborgsvägen 27,56.22947,12.86023,219972,
Bilpartner Skåne AB,HELSINGBORG - Bergavägen 6,56.07197,12.71731,219971,
Hedin Stockholm Bil AB,ARLÖV - Testvägen 4,55.64698,13.08458,219970,
Hedin Stockholm Bil AB,TRELLEBORG - Maskingatan 4,55.3831,13.13987,219969,
Nilssons Bilcenter I Lund AB,LUND - Propellervägen 12,55.68437,13.21231,219968,
Hedin Stockholm Bil AB,LUND - Porfyrvägen 13,55.69143,13.21994,219967,
K.W.B. Automotive AB-Intern,MALMÖ - Hyllie Boulevard 17,55.56393,12.97495,219966,
Hedin Stockholm Bil AB,MALMÖ - Jägershillsgatan 4,55.56773,13.05499,219965,
Mechanum Sverige AB Malmö,MALMÖ - Västkustvägen 17,55.61441,13.02832,219964,
Hedin Stockholm Bil AB,MALMÖ - Jägersrovägen 100,55.57233,13.05619,219963,
"Bilforum Alf Johansson AB, Kun",KUNGSÄNGEN - Mätarvägen,59.50178,17.74218,219962,
Vallentuna Motor AB,VALLENTUNA - Industrivägen 2,59.53216,18.07973,219961,
Hedin Stockholm Bil AB,STOCKHOLM - Esbogatan,59.419984,17.9255039,219960,
Hedin Stockholm Bil AB,KISTA - Haukedalsgatan 3,59.4006,17.95919,219959,
Järna Bilcentrum AB,JÄRNA - Rönnvägen 1,59.09575,17.57752,219958,
Motorus AB,VÅRBY - Vårby Allé 53,59.25327,17.87689,219957,
Hedin Stockholm Bil AB,SEGELTORP - Smista Allé 36,59.28311,17.93269,219956,
Lennart Rönn Bil AB,TYRESÖ - Vintervägen 5,59.24448,18.21709,219955,
Dannevall Trading & Invest AB,GUSTAVSBERG - Gustavsbergsvägen 2,59.32143,18.38575,219954,
Lindgren Bil AB,GUSTAVSBERG - Leveransvägen 1-3,59.30809,18.38324,219953,
Stockholms Bilkonsult AB,SKARPNÄCK - Flygfältsgatan 10,59.26338,18.12873,219952,
Aunsbjerg Horsens A/S,HORSENS - Høegh Guldbergs Gade 48,55.85063,9.84616,219950,
Uggerhøj Silkeborg,SILKEBORG - Navervej 16,56.18492,9.53402,219949,
Uggerhøj Aarhus A/S,HØJBJERG - Slet Parkvej 2,56.11493,10.20416,219948,
LMC Biler A S,LEMVIG - Heldumvej 65,56.54602,8.28341,219947,
Als Motor A S,RØDEKRO - Brunde Øst 18,55.06876,9.35896,219946,
Aunsbjerg Nielsen A/S,KOLDING - Fynsvej 21-25,55.49341,9.48549,219945,
Frimann Biler A/S,MARIBO - C. E. Christiansensvej 45,54.78012,11.51407,219944,
Unicars A S,HILLERØD - Rønnekrogen 1,55.92686,12.26129,219943,
Bilhuset Glostrup ApS,GLOSTRUP - Søndre Ringvej 39,55.66407,12.38919,219942,
Daugaard Biler A/S,GLOSTRUP - Ejby Industrivej 3,55.69381,12.41941,219941,
Garage van Dam Gouda,GOUDA - Wethouder Venteweg 160,52.02399,4.72118,219940,
Box Auto Camper,BERGEIJK - Industrieweg 17,51.31532,5.34996,219939,
Banden & Autotechniek M. van Orsouw vof,OIJEN - Oijense bovendijk 35,51.8176046,5.5142531,219938,
Bjarne Nielsen a s,HILLERØD - Falkevej 4a,55.9481,12.26168,219937,
Mink Auto's,BAARN - Hermesweg 42,52.22236,5.26812,219936,
Garage van Deursen,OMMEL - Ommelse Bos 15,51.43048,5.75078,219935,
Autohaus Weber,EUSKIRCHEN - Roitzheimer Straße 204,50.65035,6.80905,219934,
Campbell`s ByggBil & Teknik,SIGTUNA - Håtunabo 115,59.64473,17.62484,219933,
Autowelt am Klüt GmbH,HAMELN - Klütstrasse 70,52.10269,9.33739,219932,
Kreijne Hilversum B.V.,HILVERSUM - Franciscusweg 353,52.2128,5.1459,219930,
Euromast Auto's,LEKKERKERK - Randweg 10b,51.90134,4.69167,219929,
RG Motors bvba,ROESELARE - Izegemsestraat 98,50.93082,3.16675,219928,
JD Repair bv,STELLENDAM - Pampus 31,51.81264,4.02692,219927,
Autoservice van de Sande,BENEDEN LEEUWEN - Van heemstraweg 38i,51.8796,5.52643,219926,
Autobedrijf van Ginkel,EDE - Buys Ballotstraat 4,52.03049,5.61849,219924,
Jeroen Wiering Autotechniek,NIEUWE PEKELA - Pekelwerk 38,53.08405,6.96661,219923,
MV Car Business,OMMEN - Eskampweg 25,52.52881,6.42483,219921,
Garage Frenay van Burik,APELDOORN - Veenweg 64,52.20071,5.94384,219918,
EFA Logistikzentrum Berlin,VELTEN - Zum Stichkanal 1a,52.66592,13.20923,219917,
Autogalerie Blaser GmbH,HEUSWEILER - Saarstraße 98,49.32803,6.99516,219916,
Car Service,URK - Marsdiep 16,52.65464,5.62027,219915,
Automobielbedrijf en Aanhangwagencentrum Cees van Doorn,WOERDEN - Hollandbaan 14,52.08262,4.853,219914,
Autobedrjf P. de Haas VOF,RIETHOVEN - Broekhovenseweg 1,51.3620909,5.3758813,219913,
Hedin Stockholm Bil AB,MALMÖ - Jägersrovägen 100,55.57233,13.05619,219912,
Hedin Bil AB,KISTA - Esbogatan 8,59.41707,17.9295,219911,
Hedin Bil AB,MÖLNDAL - Krokslätts Parkgata 4,57.67637,12.0043,219910,
Bjarne Nielsen Automobiler,HØRSHOLM - Ved Klædebo 11,55.89854,12.49491,219909,
Autobedrijf Markus,DIRKSLAND - Korteweegje 59,51.74893,4.11392,219908,
Hans Brandenburg GmbH,METTMANN - Willettstraße 7,51.2548,6.95205,219907,
Theo van Schijndel Autohandel,GEMERT - Molenrand 6,51.54804,5.69588,219905,
Auto Raulf,KEVELAER - Gewerbering 54,51.57791,6.26647,219904,
Disagar ,MÓSTOLES - Calle Orfebrería 7 Pol. Los Ro,40.3427,-3.86114,219903,
AUTO JUBT OHG,ECKERNFÖRDE - RENDSBURGER STR. 116,54.454,9.83281,219902,
Aalderink Autoservice,LOCHEM - Aalsvoort 95-4,52.1688909,6.3813051,219901,
Mogacar Madrid ,MADRID - Calle General Ricardos 144,40.39012,-3.72955,219900,
Mogacar Madrid ,MADRID - Calle Orense 3-5,40.44708,-3.69573,219899,
"Kfz Service Hahn, Michael und Harald Hahn Gbr.",SAARBRÜCKEN - Metzer Str. 49-51,49.22875,6.98265,219898,
Sinnema Reparatie,ECHTENERBRUG - Kempenaersweg 10,52.86951,5.82261,219897,
Rujo Auto's,WAGENINGEN - Troelstraweg 7,51.9646,5.65429,219895,
Garagebedrijf Wesselink MDS ,ALBERGEN - Weemselerweg 17,52.3656,6.77959,219894,
Autohuis Aduard,ADUARD - Friesestraatweg 22,53.24981,6.45341,219893,
Motor Villages in Ängelholm AB,ÄNGELHOLM - Verkstadsgatan 8,56.24926,12.88784,219892,
Garage van de Wiel,DIESSEN - De Buskes 3,51.47925,5.1684,219891,
Vakgarage Blok,KRIMPEN AAN DEN IJSSEL - Van der Giessenweg 15,51.90895,4.57975,219890,
Janssen Kerres Citroën Roermond,ROERMOND - Sodaweg 1,51.16765,5.96223,219888,
Diomax B.V.,NIJMEGEN - Hogelandseweg 77A,51.84477,5.80279,219887,
Ricco Libramont S.A.,LIBRAMONT - Avenue de Bouillon 130,49.91004,5.34644,219884,
Garage Kenens BVBA,PAAL - Paalsesteenweg 239,51.04193,5.1835,219883,
Cartechnix,ICHTEGEM - Permekelaan 3,51.09774,3.01174,219882,
Troubleshooter Rodenhuis,LEEUWARDEN - Tsjibbe Geertswei 60,53.21022,5.77351,219880,
Herbrand-Jansen Neuss GmbH,NEUSS - Hammer Landstrasse 41-43,51.20082,6.70202,219879,
Autohaus Hartmann GmbH ,MÜNSTER - Zum Kaiserbusch 15,51.91098,7.68565,219878,
Autobedrijf Mega,BREDA - Smalle Reep 9a,51.59643,4.79475,219877,
Auto Techniek Fryslan,HEERENVEEN - Pompmakker 12c,52.96461,5.90034,219876,
Wassink Autogroep Venray,VENRAY - Keizersveld 101,51.54491,5.99368,219875,
De Schoenmaker Sinds 1929,LEIDEN - Korevaarstraat 6,52.15573,4.49357,219874,
Garage S. Barmentloo,APELDOORN - Zwolseweg 194,52.23412,5.95827,219873,
Garage Braet Paul,KNOKKE-HEIST - T Walletje 41,51.32065,3.28589,219871,
Dorpsgarage Brummen,BRUMMEN - Mercuriusweg 12,52.10266,6.15353,219870,
Autoforum Hetzler,LOLLAR - Marburger Str. 54,50.65213,8.70745,219868,
Autoservice Ruben,ASSEN - Blijdenstijnstraat 2a,53.00704,6.57614,219867,
GARAGE DE GROOF BVBA,MOL - COLBURNLEI 120,51.19132,5.17043,219866,
autoforum Schiermeier GmbH & Co. KG,OSNABRÜCK - Pagenstecherstraße 63,52.28949,8.02652,219865,
Werkstatt Winkler,LUCKAU - Am Bahnhof 15,51.85868,13.72009,219864,
Autobedrijf H. Zomer,GEESBRUG - Nijverheidsstraat 4,52.718,6.61301,219862,
Van Mossel Rotterdam,ROTTERDAM - Autolettestraat 4 ,51.90904,4.53768,219859,
SEPULCHRE VERVIERS  ,CHAINEUX - Rue du Trèfle 10,50.63007,5.83906,219857,
Autoservice Dijkhuizen,EMMEN - Emmerweg 150,52.80055,6.94043,219856,
Garage S'Jegers,GEEL - Logen 168,51.17143,5.00852,219854,
Nieuwenhuizen Bedrijfswagens,SPRANG-CAPELLE - Goudvink 45a,51.67563,5.01515,219853,
Arend Auto Nissan,HOUTEN - Waterveste 2,52.02927,5.14161,219851,
Vakgarage Leeuwenhoek,OUD-BEIJERLAND - Anthonie van Leeuwenhoekstraat 5,51.82835,4.43756,219850,
Autobedrijf R. Timmer ,APELDOORN - Ketelboetershoek 15,52.20772,5.98071,219849,
Die Autostube GmbH,LÜNEBURG - August Wellenkamp Str. 8,53.23839,10.45997,219847,
Obdfuture diag&keys sl,"CORNELLÀ DE LLOBREGAT - Paseo de los ferrocarriles catalanes, 255",41.3555908,2.0966081,219845,
Autobedrijf van Haarlem & Fischer,ANDELST - Industrieweg 16,51.91243,5.72751,219844,
Autohaus Kempf GmbH,LENNESTADT - Fredeburger Str. 35,51.11353,8.11521,219843,
Vakgarage Mobron ,ALMERE - Dukdalfweg 29,52.40959,5.25624,219842,
Hazelhoff Vlagtwedde b.v.,VLAGTWEDDE - Feenselweg 15,53.02847,7.10346,219841,
AAS Beukers Autoschade bv,WESTERHOVEN - Leemskuilen 23,51.33852,5.40914,219840,
Veysvanclooster bvba,TORHOUT - Roeselaarseweg nr 10,51.05083,3.10558,219839,
Auto Service Station Rijen,RIJEN - Heistraat 13a,51.59263,4.91479,219838,
CENTURY OCCASIONCENTER,GRONINGEN - PATERSWOLDSEWEG 139,53.20307,6.55838,219834,
BTS AMSTERDAM,AMSTERDAM - NIEUW-ZEELANDWEG 10,52.40674,4.80179,219833,
Autohaus Kummich GmbH ,NÜRNBERG - Fürther Str. 210,49.45816,11.03546,219832,
Off-Track 4x4,ZEMST - Hoogstraat 42,50.9863,4.46171,219831,
B.V. Automobielbedrijven H. Arink,GROENLO - Marhulzenweg 26,52.04255,6.62563,219829,
Beelen Verhuur,MILL - Zwaluwstraat 17,51.69066,5.75663,219828,
AH GÜNTER THOMSEN GMBH &amp; CO.KG,FLENSBURG - Liebigstrasse 12,54.76643,9.42669,219827,
Autozentrum Peter GmbH,GÖTTINGEN - Im Rinschenrott 5,51.55076,9.92027,219826,
ZSystem s.r.l,PADOVA - Via Dei Ronchi 17,45.39725,11.93918,219825,
Zwiers Autotechniek,HOLLANDSCHEVELD - De Oplegger 5,52.7055,6.54464,219824,
Svema Bil AB,KARLSTAD - Blockgatan 17,59.38713,13.4737,219823,
DE KONING ODD,ROTTERDAM - VLAMBLOEM 40,51.95514,4.53178,219822,
Hoffer Auto- & Bandenservice B.V.,GROOTEBROEK - Industrieweg 44,52.69413,5.22839,219820,
Garage Luytens,HEVER - Leuvensesteenweg 73,50.99085,4.53841,219819,
JMMK Koz?owscy Spó?ka z ograniczon?,SZCZECIN - Struga 31B,53.38581,14.64037,219817,
Autohaus Arno Rennen,VIERSEN - Süchtelner Str. 181,51.26822,6.38093,219816,
Autobedrijf Blom ,GAMEREN - Nieuwstraat 1,51.79999,5.19472,219815,
R.T.O. Autoservice B.V.,VALTHERMOND - Zuiderdiep 408,52.88921,6.97896,219813,
GTAC,CLICHY SOUS BOIS - 23 Route Strategique,48.91484,2.55258,219812,
Anders Petersen Automobiler A/S,HADSTEN  - Skanderborgvej 2,56.31876,10.04224,219811,
Autohaus Pecher GmbH,LANGENBENRSDORF - Glasbergstraße 2,50.76393,12.29705,219809,
SA Doyen Auto Belgium NV,DROGENBOS - Avenue Mozartlaan 8 (Amadeus Square),50.8107974,4.304001,219808,
Autohaus Walch GmbH,TRAUNSTEIN - Wimpasinger Str. 4,47.84903,12.63084,219807,
Autobedrijf Postma,ACHLUM - De Jister 1,53.14822,5.47914,219806,
Autobedrijf Pennings,BERGEN - Rijksweg 27,51.59698,6.05387,219805,
Rudi Vlassak,BUDEL - Treurenburgstraat 11,51.27437,5.57824,219804,
Sommer Michael,HERMERSBERG - Hauptstr. 13,49.32336,7.62735,219802,
Autobedrijf Mulder,BLIJHAM - Turfweg 26,53.10994,7.0347,219801,
Camp Specials,BOXTEL - Industrieweg 23,51.57776,5.31815,219800,
Autohaus Michel,FREILASSING - Pommernstraße 9,47.85268,12.96508,219799,
Åkerstorpbilverkstad,AKERSBERGA - Centralvagen 96,59.49399,18.28237,219798,
Müller Kraftfahrzeug GmbH,BAD WIMSBACH/NEYDHARTING - Au 54,48.03419,13.91259,219797,
AUTOHAUS PATTERER GMBH,KÖTSCHACH-MAUTHEN - GAILTALSTRASSE 500,46.6734102,13.003373,219796,
HIRSCHMUGL FB GMBH,FELDBACH - EUROPASTRASSE 19,46.95317,15.90804,219795,
EAF Auto's,VOORSCHOTEN - Veurseweg 81a,52.11877,4.43861,219793,
Bernd Rosenzweig-Smartparts Germany,BERLIN - Meeraner Straße 13b,52.52813,13.52429,219792,
JVB Auto's,WIJK EN AALBURG - Rozenstraat 46,51.75923,5.12896,219791,
THIEU V. DORST TILBURG,TILBURG - JULES VERNEWEG 130,51.57793,5.12053,219790,
THIEU V. DORST DEN BOSCH,DEN BOSCH - DE STEENBOK 16,51.68598,5.36098,219789,
Autobedrijf J.B. Andringa,BURGUM - Hannelwei 9a,53.20203,5.98379,219788,
ASN van Veen,LEIDEN - Kenauweg 2,52.15678,4.44796,219787,
Maw Services,VAULRUZ - Rue du Chateau 19,46.62284,6.99087,219786,
Foja Bedrijfswagen Service b.v.,APELDOORN - Stadhoudersmolenweg 23,52.23827,5.9693,219785,
BRUYNINX SINT-TRUIDEN,SINT TRUIDEN - LUIKERSTEENWEG 94 ,50.80907,5.19447,219781,
General Cars & Parts b.v.,URSEM - Nijverheidsterrein 16,52.63435,4.8933,219780,
Autohaus Brenk GmbH,KARLSRUHE - Ottostrasse 10,48.9967,8.44551,219779,
Autohaus Brenk GmbH,KARLSRUHE - Ottostrasse 10,48.9967,8.44551,219778,
Autohaus Brenk GmbH,KARLSRUHE - Ottostrasse 10,48.9967,8.44551,219777,
AC Tronics bv,ALMELO - Bornerbroeksestraat 459f,52.32944,6.65297,219776,
Van Dijk Automotive,HARMELEN - Energieweg 21,52.09908,4.94543,219775,
La Marina Vehicle Services,"SAN FULGENCIO - Calle mar adriatico 11 sector 8 centro commercial area, urb la marina",,,219774,
Mekonomen Flen ab,KATRINEHOLM - Österleden 10,59.00397,16.23107,219773,
Autodiagnose Eric,HEERLEN - Benzenraderweg 253,50.87421,5.98049,219771,
AHT Autohaus GmbH Thüringen,ERFURT - Vollbrachtstr. 14,51.00441,11.02576,219769,
Autoteknik Hundelev ApS,LOEKKEN - Navervej 4 ,57.42448,9.84307,219768,
Janssens Autoservice NV,ZWIJNDRECHT  - Verbrandendijk 106,51.21986,4.33832,219767,
De Groot,MEERKERK - AMBACHTSTRAAT 9,51.91482,4.98957,219766,
R.E. Wright Engineering Services,"LEIGHTON BUZZARD.BEDS. - Larkshill Farm, Stewkley Road, Soulbury",51.9341104,-0.727978,219765,
Carservice Alphen b.v.,ALPHEN AAN DEN RIJN - Linnaeusweg 7,52.1277,4.63317,219764,
Obers Auto-Elektro Kerkrade,KERKRADE - Locht 19,50.858,6.00973,219763,
GS Automotive,HELMOND - Noorddijk 3,51.46689,5.68706,219762,
Autohaus Blecha,WIEN - Lienfeldergasse 37-39,48.21625,16.31433,219761,
Chr. Schmitz GmbH,NIEDERZIER - Rurbenden 34,50.84389,6.45167,219760,
Bøgsted A/S,AALBORG - Hadsundvej 113,57.0343,9.95426,219759,
Knappstein Kfz-Meisterwerkstatt,SUNDERN - Silmecke 18,51.31843,8.0056,219758,
Wendt Mobile GmbH,HOYERSWERDA - Merzdorfer Str. 48,51.44631,14.27633,219757,
Intercars Bilzen,BILZEN - Kapittelstraat 9,50.8699437,5.5315004,219756,
Autogarage Uithoorn,UITHOORN  - Industrieweg 12a,52.23888,4.83198,219754,
Van Mossel Citroen Zaandam,ZAANDAM - De Kleine Tocht 23,52.43058,4.80987,219753,
MAI,"LA SEYNE SUR MER - 390, Rue de Lisbonne",43.10809,5.85553,219751,
MAUBEUGE AUTOMOBILES COLAU,"MAUBEUGE - 8, Boulevard de L'épinette",50.28383,3.97042,219750,
Skorstensgaard,VIBY  - Jensjuuls Vej 11 ,56.11227,10.1315,219749,
Autobedrijf Mo-Tech,ZEVENAAR  - Celsiusstraat 5a ,51.93422,6.09184,219748,
Autobedrijf Ekema,MARRUM - Hearrewei 12b,53.3268686,5.8038762,219747,
Garage Albert bvba,PEER - Baan naar Bree 114,51.13363,5.47398,219746,
Kfz-Brak,LORUP - Neues Land 38,52.91437,7.6416,219745,
Auto- en Campingsport Deurne,DEURNE - Liesselseweg 120a,51.45331,5.79649,219744,
Siton Auto Groep,HEERENVEEN - KATTEBOS 162,52.94477,5.91789,219743,
T & R autoservice,HENDRIK IDO AMBACHT - De Plaats 21,51.83855,4.62108,219741,
Autohaus Werner Johannes GmbH,BAD FALLINGBOSTEL - Westendorfer Str. 30,52.89915,9.75989,219740,
Kfz-Handel-Reparatur Fritz Hecker's,BOCHOLT - Werkstraße 19a,51.82822,6.58114,219739,
Große-Kleimann GmbH & Co. Kg,SUSTRUM - August-Müller-Str. 2,52.90408,7.16453,219738,
Schepers Banden en Autoservice,AALTEN - Damstraat 30,51.93136,6.58649,219737,
Autobedrijf Van Tilborg Zaltbommel,ZALTBOMMEL - Nieuwe Tijningen 2,51.80278,5.24118,219736,
Autobedrijf Bekker,GOES - Verrijn Stuartweg 31,51.49434,3.87617,219735,
Autobedrijf-JST,GENDT - Biezenkamp 25a,51.87764,5.94267,219734,
Dörge und Co. GmbH,OSTERODE - An der Leege 6,51.7169,10.27836,219732,
Autobedrijf Nieuwenhuizen,ROGAT - Industrieweg 18,52.68673,6.27332,219731,
Autobedrijf Willekes Tiel B.V.,TIEL - De Vlonder 10,51.895,5.45126,219730,
Ford Wensink Sneek,SNEEK - Kolenbranderstraat 5a,53.03706,5.62826,219729,
Nabuurs Automobielbedrijf Cuijk,CUIJK - Beersebaan 5,51.7311,5.85929,219728,
BCS Willem Veldhuizen,LOOSDRECHT - Oudloosdrechtsedijk 62,52.20727,5.10814,219727,
PSA Retail GmbH Mainz,MAINZ-MOMBACH - IN DER DALHEIMER WIESE 36,50.02542,8.22033,219726,
Garage Van Herck Nv,HERENTHOUT - Nijlensesteenweg 105,51.14042,4.74702,219724,
Akronautos,NIEUWERBRUG A/D RIJN - Weijland 40,52.08178,4.80809,219723,
Autofit Klein GmbH,SÖGEL - Hümmlinger Ring 11,52.83456,7.50441,219722,
Auto-Point Amsterdam BC,AMSTERDAM  - Sloterweg 1337,52.34117,4.79335,219721,
Autobedrijf Kluit,STEENDEREN - Dr. Alfons Ariensstraat 33b,52.07073,6.1928,219720,
Garagebedrijf Looijen,BOXMEER - Handelstraat 7,51.63621,5.93751,219718,
Sprl Cormann,"HERSTAL - Parc Industriel des Hauts Sarts, Première Avenue 22",,,219717,
Car Electronics,UDEN - Loopkantstraat,51.6568,5.63285,219715,
Autobedrijf Bredeweg,MOERKAPELLE - Julianaweg 32,52.04251,4.57828,219714,
Autobedrijf C. Roos v.o.f,WADDINXVEEN - Brederolaan 1,52.05406,4.65364,219712,
Autobedrijf Verhoef BV,BEUSICHEM - Rijsbosch 6 ,51.95041,5.28089,219711,
Weiland GmbH,NEUNKIRCHEN - Untere Bliesstrasse 61,49.35193,7.21925,219708,
PB-Technics,MOORSLEDE - Werviksestraat 2,50.88122,3.04655,219704,
Jaris-Autoservice,KÖLN - Zusestr. 30,50.95046,6.84477,219702,
Auto-Trappmann GmbH & Co. KG ,WITTEN - Hörder Str. 378,51.47224,7.37431,219701,
Garage Boss,HOENSBROEK - Kouvenderstraat 147,50.92683,5.93315,219700,
Autoservice Zandhorst,HEERHUGOWAARD - Celsiusstraat 27,52.68561,4.8309,219699,
KFZ-Meisterwerkstatt,KONSTANZ - Derbyweg 2,47.71383,9.17446,219698,
Autoservice Mickey,DORDRECHT - Einsteinstraat 14g,51.77844,4.6376,219697,
82Motors,MEULEBEKE - Bruggesteenweg 82,50.96018,3.24504,219695,
Butler Campers,RAAMSDONKSVEER - Lissenveld 14,51.70679,4.88422,219693,
Autozentrum Wintersdorf,MEUSELWITZ - Kriebitzscher Strasse 1,51.04554,12.34812,219692,
CITROPOL AWANS,AWANS - RUE DE L'ESTAMPAGE 5,50.67475,5.47462,219691,
SA IACOLINO P.,SERAING - RUE DE LA BOVERIE 448,50.59707,5.50387,219690,
ETN PANKEN,HERENT WINKSELE - BRUSSELSESTEENWEG 31,50.88651,4.66613,219689,
Autobedrijf Verhulst,ROOSENDAAL - Hogerwerf 14,51.5605,4.46803,219685,
Bil Stationen,HÖGANÄS - Bilstationen våtamåsavägen 20 bv,56.18593,12.63713,219684,
Garage Caspers,EELDE - Burg. J.G. Lergoweg 94,,,219683,
RØDKJÆR BILER ApS,HAMMEL - Hollandsvej 3,56.24245,9.86417,219682,
LADA Automobile GmbH,NEU WULMSTORF - Robert-Bosch-Str. 3,53.4657397,9.7796541,219681,
Autobedrijf A. Peters,KAATSHEUVEL - Antoniusstraat 44,51.66235,5.02094,219680,
Meuleman Autoschade,OUDDORP - Stoofweg 10a,51.80019,3.93079,219679,
Leege Automobile GmbH,KIRCHHAIN - Frankfurter Strasse 16,50.827086,8.9133177,219678,
AUTOVI ,MARBELLA - Calle Oro 15,36.51102,-4.86717,219677,
AUTOVI ,MÁLAGA - Avenida de Velázquez 309,36.67627,-4.4749,219676,
Noiosi KFZ Reparaturen GmbH,GOTTENHEIM - Nägelssestr. 4,48.05331,7.73273,219675,
Cardinais LDA,"SANTA MARINHA, VILA NOVA DE GAIA - Rua Alexandre Herculano nº159",41.1354349,-8.6313882,219674,
Mavo Auto,GIESSEN - Transportstraat 9,51.77963,5.04031,219671,
Garage W. van 't Hof,HERKINGEN - 1 Februariweg 5,51.7091,4.08937,219670,
Espace Automobiles,SALON DE PROVENCE - 551 Av du 22 Aout 1944,43.63465,5.07864,219669,
Bilkan Auto Spare Parts Co.Ltd,ISTANBUL - Atasehir,40.98313,29.18496,219668,
Heinrich Munderloh Automobile GmbH & Co. KG,OLDENBURG  - Kreyenstr. 6,53.16645,8.22525,219667,
Garagebedrijf en Servicestation A. van Oers,PUTTE - Antwerpsestraat 244,51.36569,4.39029,219666,
Auto Center Burgum,BURGUM - Kupersstrjitte 60,53.18949,5.99324,219665,
James Autoservice Buurman B.V.,AMSTERDAM - Papaverweg 32,52.39547,4.90953,219664,
Schwabengarage GmbH,BACKNANG - Industriestr. 26,48.93642,9.44288,219663,
Autobedrijf Ubak,NIEUWLEUSEN - Evenboersweg 5,52.59475,6.28474,219662,
Kfz - Reparatur Friedrich Eich,OBERURSEL - Burgstrasse 9,50.19968,8.60148,219661,
AUTOSCHADE BEVERWIJK,BEVERWIJK - WATERLAND 6,52.47455,4.67567,219659,
Autohaus Marcel Möller GmbH,WUNSTORF - Portlandstr. 5,52.42101,9.44668,219658,
CENTURY ASSEN SE SK,ASSEN - DUITSLANDLAAN 2,53.02627,6.57786,219656,
Scerbo et Fils,HERSTAL - Rue Bossuron 71,50.6714797,5.6366258,219654,
Autohaus Steffen Sauer,RATHMANNSDORF - Am Ring 2,50.92496,14.13234,219651,
Autohuset Vestergaard a s,ODENSE S - Svendborgvej 90,55.35628,10.4016,219650,
Ivars bil i hoting ab,ÖSTERSUND - Fagerbacken 65,63.17027,14.68544,219649,
Kortrijk Motors,KORTRIJK - Gentsesteenweg 222,50.83772,3.28437,219648,
Opel Norge AS,KJELLER - Kjeller Vest 6,59.98461,11.00712,219646,
Doktertechnics,PUTTEN - Kerkstraat 104,52.25498,5.60577,219644,
Finn Allan Eriksen Automobiler A/S,ÅRHUS V - Viborgvej 267 / Runetoften 21,56.1755,10.14374,219643,
Autobedrijf R. Janssen,ROERMOND - Loijveldweg 2,51.20838,6.00797,219641,
Autobedrijf Buyk,HARDINXVELD-GIESSENDAM - Rijshaak 15,51.8279151,4.8503968,219639,
KAR Automotive,SPRANG-CAPELLE  - Dick Flemmingstraat 8c,51.66824,5.02991,219638,
Autoservice Lenten B.V.,VIANEN - Sportlaan 3F,51.98293,5.09673,219636,
Van Audenaerde Patrick,ZELZATE - Molenstraat 26,51.20159,3.77846,219634,
Roots Autoservice bv,PIJNACKER - Overgauwseweg 65a,52.00968,4.42675,219633,
Garage Hertogen,MELLE - Brusselsesteenweg 28a,51.02365,3.77316,219631,
Reparatiebedrijf Harry van Hamersveld,ACHTERVELD - Kerkdijk 12,52.1355,5.50388,219630,
Garage Luc Michiels,HOEILAART - Jezus-Eiksesteenweg 67,50.77562,4.47492,219629,
Kia Bil Norge AS,SKARAR - Solheimsvagen 52,59.9273813,10.957354,219626,
Richters Reconditioning Classics,SON EN BREUGEL - Hendrik Veenemanstraat 18,51.51414,5.49375,219625,
Autobedrijf Norbert Driessen B.V.,UTRECHT - Sterrebaan 18,52.1223,5.0447,219619,
Autoservice Geldhof,KORTRIJK - Meensesteenweg 90,50.82745,3.24262,219616,
Autohaus Leitgeb,ALTHOFEN - Krappfelderstraße 38,46.86258,14.46289,219614,
Kfz Krovak,HAMM - Hammer Str. 103,51.69439,7.7489,219613,
Vf.i.s. Fahrzeug-Istandhaltung-Service E. Stangret,WALDHUFEN/OT JÄNKENDORF - Schäferei 10,51.27145,14.81415,219612,
Autohaus Andreas Plog,BADBERGEN - Hauptstraße 8,52.63894,7.98078,219611,
EBS B.V.,ALMERE - BOLDERWEG 2,52.406954,5.2594171,219610,
Garage Soudant,MAASTRICHT - Watermolen 36,50.82266,5.71579,219609,
Nellemann A/S,ODENSE - Odensevej 101,55.3697,10.39412,219608,
Autoservicebedrijf Veenhof,VINKEVEEN - Voorbancken 12 f,52.20391,4.92165,219606,
Auto Palace Emmen,EMMEN - Nijbracht 90,52.76568,6.90015,219605,
Valenter a.s.,PRAHA 5 - Ořešská 873 ,50.02705,14.29782,219604,
Van der Giessen Reparatie,'S-GRAVENDEEL - Strijenseweg 134a,51.77065,4.61445,219598,
Service Only Sliedrecht,SLIEDRECHT - Sportlaan 301,51.82656,4.79955,219594,
Garagebedrijf Gavin Hagen,ZEEWOLDE - Grootzeil 7,52.33754,5.5257,219593,
Rolf Herzing Kfz-Meisterbetrieb,KLINGENBERG - Vital-Daelen-str. 7,49.78074,9.17305,219592,
Halsnæs Auto-Service,HUNDESTED - Ullerup Skovvej 15,55.96475,11.88723,219591,
Peerlings Lommel bvba,LOMMEL - Stationssstraat 242,51.21322,5.31245,219589,
Garage Sefa,ZAANDAM - Penningweg 79,52.42921,4.79377,219588,
Garage Houbracken Alain bvba,OOSTERZELE - Geraardsbergsesteenweg 56,50.95643,3.80966,219587,
Hedin Bil AB,UDDEVALLA - Frölandsvägen 1,58.3514653,11.8657809,219586,
"Andersen Biler A/S, Gladsaxe",SØBORG - Gladsaxe Møllevej 14,55.73445,12.47643,219585,
Andersen Biler,HILLERØD - Lokesvej 4,55.92851,12.2609,219584,
Andersen Biler,FREDERIKSSUND - Volundsvej 11,55.84949,12.05892,219583,
Andersen Biler,TAASTRUP - Husby Alle 7,55.6583405,12.2947553,219582,
Andersen Biler Ford Store,KOPENHAGEN N - Rovsingsgade 78,55.70755,12.54834,219581,
Andersen Biler A/S - Rødovre ,RØDOVRE - Sandbækvej 3,55.6927516,12.4308981,219580,
Vangskov Automobiler ApS,BALLERUP - Hold-An vej 85,55.72414,12.35634,219579,
Andersen Biler,BALLERUP - Energivej 2,55.72335,12.38366,219578,
Becha Bil & Maskin AB,ÅTVIDABERG - Industrigatan 1b,58.21421,15.98217,219577,
Bronshoj Laaseservice ,RØDOVRE - Valhøjs Alle 175,55.6725,12.43849,219575,
Pieter van Aperen Autoservice BVBA,MINDERHOUT (B) - Ambachtstraat 3,51.4272172,4.7584634,219574,
Garage Rabijns N.V.,PAAL-BERINGEN - Industrieweg 33,51.04611,5.18755,219573,
CENTURY GRONINGEN PDI,GRONINGEN - BORNHOLMSTRAAT 21,53.21205,6.59308,219572,
Autoservice Someren,SOMEREN - Half Elfje 18,51.39365,5.72287,219571,
Franz Rüschkamp GmbH & Co. KG,DORTMUND - Evinger Str. 20-24,51.53849,7.45486,219570,
Autohaus Holz GmbH,LANDAU - Hainbachstraße 70-76 ,49.20686,8.12457,219569,
EBS B.V.,ALMERE - BOLDERWEG 2,52.406954,5.2594171,219568,
MIND B.V.,LEUSDEN - ZUIDERINSLAG 2,52.12319,5.41381,219567,
Kfz Gawrosnki Bosch Car Service,HEMER - Hönnetalstr 246,51.37801,7.80384,219565,
Garage Jos Ramaker ,HEINO - C. Huygensstraat 16,52.44256,6.23426,219563,
Ad Autobedrijf ANW Auto's,NEDERWEERT - Magnesiumstraat 49,51.27245,5.74423,219560,
Thomas Riehl kfz GmbH,BERLIN - Wegedornstr. 28,52.42438,13.52605,219559,
Garage Vanstraelen,ALKEN - Grootstraat 232,50.8804,5.34404,219558,
Autohaus Karlheinz Schneider,WÖRTH A.D. DONAU  - Marktplatz 10,49.00117,12.39992,219556,
Garage DSY,YERSEKE - Industrieweg 12,51.50005,4.04947,219555,
Garage Herman Lubbers,HUIZEN - Ambachtsweg 1,52.30024,5.24091,219553,
Autobedrijf Fotopoulos,LOBITH - Industrieweg 12,51.86575,6.11208,219552,
De Keyzer Automotive,METEREN - Schoolstraat 5a,51.86368,5.28417,219549,
Axess Logistics,MALMÖ - Terminalgatan 17,55.62114,13.00636,219546,
Auto Ruhnau gbr,KERKEN - Industriestr. 18,51.45454,6.3812,219545,
Youtech,STRASBOURG - 16 Rue Antoine Becker ,48.54329,7.77447,219543,
Bekemeier GmbH & Co. KG,LÜBBECKE - Am Zollamt 4 ,52.30966,8.63355,219542,
Autohaus Ortgies GmvH & Co. KG,BÜNDE - Blankener Strasse 31a,52.19894,8.57094,219541,
DC Cars,BAASRODE - Fabriekstraat 98,51.02999,4.17746,219540,
Access Auto François S.A.,ROCHEFORT - Rue de Ciney 119,50.17316,5.21081,219539,
Carshop Servicecenter B.V.,ROTTERDAM - Metaalhof 46,51.94902,4.54345,219538,
Ras Verhuur,BREDA - Weidehek 56A,51.61594,4.7595,219537,
Allers Bedrijfswagens Venlo bv ,VENLO - Tasmanweg 1,51.40021,6.08893,219534,
CAR MOVE SPRL,HORNU - RUE DE VALENCIENNES 249,50.43475,3.81679,219533,
Autohaus Harke GmbH ,HAMBURG  - Randersweide 59-61 ,53.47605,10.19619,219531,
Kfz-Loddenkemper,LIPPSTADT - Damaschkestraße 13,51.67108,8.37389,219530,
Roberts Service en Onderhoud,GELEEN - Hofdwarsweg 31,50.96033,5.81757,219529,
Mycar,EINDHOVEN - Lucas Gasseltraat 8,51.43495,5.49395,219528,
ITAL AUTO 49,"ANGERS - 10, Boulevard de la liberté",47.44869,-0.5345,219527,
Garage Cas Kieft,ZAANDIJK - Zaagselpad 12,52.4709,4.80984,219526,
Paans Autoservice,EEMNES - Ploeglaan 4,52.25039,5.25923,219525,
Autobedrijf Chris Lammers vof,EMPE - Weg over het Hontsveld 5,52.14774,6.12342,219524,
Oostendorp Mazda Den Bosch B.V.,DEN BOSCH - Sigarenmakersstraat 1,51.70555,5.33038,219523,
Borge Pedersen Automobiler,NÆSTVED - Marinebuen 1b,55.25259,11.79334,219522,
Autorola,NIEUWEGEIN - Nijverheidsweg 1b,52.01341,5.10046,219521,
Autohuset Vestergaard A/S,KOLDING - Trianglen 4,55.53206,9.46179,219520,
Autohuset Vestergaard A/S,KOLDING - Trianglen 4,55.53206,9.46179,219519,
Multi Group sprl,JEMEPPE-SUR-MEUSE (LIÈGE) - Quai des Carmes 95,50.61899,5.51989,219516,
Daugaard Biler A/S,GLOSTRUP - Ejby Industrivej 3,55.69381,12.41941,219515,
Autobedrijf Berns,HEIJEN - De Grens 18a,51.66336,5.99689,219513,
"CARDAN - COMÉRCIO DE AUTOMÓVEIS,",BUSTELO - LUGAR DA UCHA ZONA INDUSTRIAL,,,219512,
Garage Collard,TENNEVILLE - Rue Sur Le Batis 19,50.07974,5.54537,219509,
Autobedrijf Nieuwland,LUTTELGEEST - Kalenbergerweg 8-1,52.74222,5.8712,219508,
Autobedrijf Spijk,ROODESCHOOL - Spijksterweg 1,53.41483,6.79453,219506,
RICCO MARCHE,MARCHE EN FAMENNE - RUE DE LA PLAINE 23,50.2450999,5.3351649,219505,
PREMIUM AUTOMOBILES,CARPENTRAS - 2050 Avenue Dwight Eisenhower,44.0325017,5.0515251,219504,
CARAUTO SERVICES,BRIANCON - Route des Maisons Blanches,44.8836,6.62676,219503,
Autoservice Sittard,SITTARD - Handelsstraat 2,50.99823,5.84809,219502,
Autobedrijf Otoman,DEN HAAG - Dekkershoek 39 A ,52.0472,4.24358,219501,
Planete Alfa,CUCQ - 53 Rue Emile Grevet,50.49814,1.62625,219499,
Blumenroth GmbH,SPROCKHÖVEL - Stefansbecke 31,51.32065,7.28147,219498,
AMZ Ingolstadt Filiale der Autohaus Sieber GmbH,INGOLSTADT - Goethestr. 147 ,48.7725,11.45353,219497,
Autostudio ab,MALMÖ - Agnesfridsvägen 185 D,55.56335,13.0427,219495,
Autoservice Noord,GRONINGEN - Moermanskweg 2-15,53.22209,6.60757,219494,
Truck & Trailer Douven bv,WEERT - Seelenstraat 3,51.25993,5.72927,219492,
AV Hall GmbH ,WIEN - Lohnergasse 6   ,48.28387,16.36779,219490,
AV NÖ GmbH ,ZWETTL                  - Kremser Straße 38  ,48.60448,15.18131,219489,
AV NÖ St. Pölten,ST PÖLTEN - Kremser Landstraße 86  ,48.21986,15.62837,219488,
MB Süd Automobil GmbH,EISENSTADT - Mattersburger Straße 19  ,47.83349,16.52446,219487,
MB Süd Automobil GmbH,WIEN - Muthgasse 27,48.25133,16.36934,219486,
YESCA Mobilitäts GmbH                                                              ,MILS - Gewerbepark 21                             ,47.2831,11.5447,219485,
Robert van Doorn's Auto Service,TILBURG - Varsseveldstraat 99,51.57422,4.97536,219484,
Auto Center Oldenzaal,OLDENZAAL  - Newtonstraat 8,52.29699,6.92009,219483,
Bieling-Automobil GmbH,HERTEN - Kaiserstr. 251,51.60318,7.16006,219482,
Groeneveld Bedrijfswagens,EDERVEEN - Hoofdweg 43,52.05565,5.57489,219481,
Coler GmbH & Co. KG,WITTEN / RUHR - Wullener Feld 10,51.45691,7.36067,219480,
Coler GmbH & Co. KG,WILHEMSHAVEN - Olympiastrasse 1,53.52506,8.03494,219479,
Coler GmbH & Co. KG,WESEL - Emmericherstrasse 33-35,51.6734,6.63152,219478,
Coler GmbH & Co. KG,UNNA - Zechenstrasse 108,51.55881,7.69876,219477,
Coler GmbH & Co. KG,TRIER - Schiffstrasse 5,49.7987249,6.69055,219476,
Coler GmbH & Co. KG,OSNABRÜCK - Hannoverschestrasse 76,52.25977,8.07888,219475,
Coler GmbH & Co. KG,OLDENBURG - Am Patenbusch 22,53.19648,8.22714,219474,
Coler GmbH & Co. KG,MÜLHEIM-KÄRLICH - Florinstrasse 7,50.39271,7.52615,219473,
Coler GmbH & Co. KG,MEINERZHAGEN - Am Rottland 15a,51.09392,7.67921,219472,
Coler GmbH & Co. KG,KÖLN - Hansestrasse 63,50.91297,7.06806,219471,
Coler GmbH & Co. KG,KIRKEL - Im Forstgarten 2,49.28704,7.2209,219470,
Coler GmbH & Co. KG,KAISERSLAUTERN - Denisstrasse 22,49.44459,7.7219,219469,
Coler GmbH & Co. KG,ISERLOHN - Giesestrasse 18,51.39881,7.69798,219468,
Coler GmbH & Co. KG,HOLDORF - Zum Barkhoff 7,52.59752,8.13277,219467,
Coler GmbH & Co. KG,HILDESHEIM - Bavenstedterstrasse 102,52.16696,9.97997,219466,
Coler GmbH & Co. KG,ESSEN - Sigsfeldstrasse 3,51.47413,7.00368,219465,
Coler GmbH & Co. KG,DÜREN - Hölderlinweg 7,50.84434,6.4893,219464,
Coler GmbH & Co. KG,DUISBURG - Sedanstrasse 50,51.42507,6.74767,219463,
Coler GmbH & Co. KG,CUXHAVEN - Peter-Henlein-Strasse 7,53.85054,8.71304,219462,
Coler GmbH & Co. KG,BREMERHAVEN - Fritz-Erler-Strasse 13,53.58777,8.60559,219461,
Coler GmbH & Co. KG,BREMEN - Walther-Jacob-Strasse 3,53.03652,8.88453,219460,
Coler GmbH & Co. KG,BORKEN - Otto-Hahn-Strasse 29,51.85676,6.87344,219459,
Coler GmbH & Co. KG,BIELEFELD - Friedrich Hagemann-Strasse 64a,52.01495,8.59303,219458,
Coler GmbH & Co. KG,AURICH - Fockenbollwerkstrasse 47,53.4679,7.49397,219457,
Coler GmbH & Co. KG,AHAUS - Ridderstrasse 17,52.07997,7.01875,219456,
Gebr. Knechtli,TEGERFELDEN - Tüfebrunne 6,47.5649,8.28792,219455,
Coler GmbH & Co. KG,DORTMUND - Eisenacher Str. 15,51.51812,7.4827,219454,
Autobedrijf J.A. Ligthart,OOSTERHOUT - Nijverheidsweg 11,51.65731,4.84607,219453,
Van der Velden Autotechniek,KOUDEKERK AAN DEN RIJN - Hoogewaard 237a,52.13873,4.62727,219451,
BS Auto Praque,BRNO - Veslarska 2,49.20942,16.55656,219450,
APK Uden,UDEN - Zadelmakerstraat 6,51.65488,5.65616,219449,
Garage Elst,SCHIJF - Nederheidsebaan 3,51.50076,4.5461,219448,
Nijboer Auto's,HENGELO - Breemarsweg 164a,52.25217,6.78849,219446,
Jedrex bvba,LEOPOLDSBURG  - Brugstraat 2,51.12447,5.25584,219445,
Autobedrijf De Beer B.V.,DORDRECHT - Mijlweg 67A,51.78964,4.64814,219442,
CT-autotech Aps,KOLDING - Seestbakke 72 ,55.48749,9.45149,219441,
Elektro Partner ApS,GRINDSTED  - Trehøjevej 2,55.76358,8.90176,219440,
Smy,VILLENEUVE D'ASCQ - 21 Rue Corneille,50.62575,3.13862,219439,
Ring Biler a/s,NÆSTVED - Grimstrupvej 167b ,55.21698,11.73572,219438,
Autobedrijf G. Klink,VAASSEN - Laan van Fasna 62,52.28397,5.9734,219436,
Hedbergs Bil AB,MALMÖ - Hornyxegatan 16,55.56494,13.05594,219435,
New Auto Sport Shop s.a,MERSCH LUXEMBURG - 17 Allee J.W. Leonard,49.75697,6.10309,219434,
Autobedrijf Heins,WATERINGEN - 's-Gravenzandseweg 68a,52.01512,4.27922,219432,
Hamer Auto's Culemborg,CULEMBORG - Beusichemsedijk 7,51.96528,5.22806,219431,
Häusler Automobile GmbH,KELKHEIM - Am Kirchplatz 41-43,50.12563,8.46601,219430,
Autoschade Lochem,LOCHEM - Hanzeweg 27,52.16576,6.40246,219429,
M.B.S. Stadskanaal,STADSKANAAL - Unikenstraat 95,53.02624,6.89194,219428,
M & M Autobedarf,BERLIN - Simon Bolivarstrasse 47,52.53903,13.48597,219427,
TLS GmbH ,BORNHEIM - Carl-Benz-Straße 5,50.76176,7.02851,219425,
Autobedrijf Leidsche Rijn,UTRECHT - Proostwetering 101a,52.11438,5.03841,219424,
Dufour Tournai SPRL              ,TOURNAI - Chaussee de Bruxelles 392,50.60302,3.42571,219423,
Autogarage Rijnders,PAPENDRECHT - Noordhoek 51,51.83868,4.67784,219422,
Garage Glasmeier,ALMERE - De Steiger 67,52.34988,5.22512,219421,
VD Consult Bvba,PUTTE - Bredestraat 139,51.07053,4.65068,219420,
Jan's Autoservice,WOERDEN - Pottenbakkersweg 7a,52.08632,4.85834,219419,
LITTORAL VENDEE AUTOMOBILES,"LE CHÂTEAU D'OLONNE - 55, avenue de Talmont(La Bretaudiere)",46.487,-1.74023,219418,
Motogala Almería ,ROQUETAS DE MAR - Calle Marconi 1,36.7669857,-2.6135403,219417,
Autohaus Brass Hanau GmbH & Co,HANAU - August-Sunkel-Straße 1,50.144,8.94484,219414,
M.Kotitschke GmbH,NEU ANSPACH - Siemensstraße 10,50.30798,8.50953,219413,
Reichert,BAD CAMBERG - Otto- Hahn- Straße 34,50.29591,8.24968,219412,
"Hans- Jochim Veit, Kfz. M. bet",USINGEN - Stockheimer Weg 18a,50.3325,8.52375,219411,
Auto Frenzel GmbH,WIESBADEN - Roststocker Str. 19,50.08992,8.27462,219410,
Irmscher Automobilbau GmbH & C,REMSHALDEN-GRUNBACH - Günther-Irmscher-Str. 14-22,48.81238,9.42191,219409,
Walter Schmakeit GmbH,RODGAU - Weiskircher Str. 79,50.03432,8.88519,219408,
Car Lack A. Dello Iacono,NIEDERKASSEL  KID51177 - Feldmühlestraße 22a,50.82854,7.02702,219407,
Scuderia Tedesco GmbH,STEINBACH - Siemensstr. 5,50.17121,8.58545,219406,
Petranovic Karosserie und Lack,RODGAU - Raiffeisenstr. 3,50.01296,8.88542,219405,
LOUNIS,ENSHEIM - Zum Gerlen 11,49.21111,7.11547,219404,
Autowerkstatt Niedernhausen Mi,NIEDERNHAUSEN - Austrasse 23,50.16245,8.31494,219403,
Autoprüf- & Reparatur werkstät,FRANKFURT AM MAIN - Offenbacher Ldstr. 44,50.10208,8.69675,219402,
Haibach & Sohn,WIESBADEN - Otto-Wallach Strasse 2,50.04381,8.22142,219401,
Heko Automobil GmbH,FRANKFURT - Nieder Kirchweg 117,50.09448,8.57407,219400,
"Servicepark Lorenz, kfz M. bet",WIESBADEN - SCHOENAUSTR. 78,50.05658,8.19831,219399,
AUTOHAUS JOSES,WIESBADEN - SAARSTRASSE 70,50.05159,8.2051,219398,
Schneider & Lauth,NEU ANSPACH - Siemensstraße 19,50.30917,8.50872,219397,
Auto-Schepp GmbH,STEINBACH - Daimlerstraße 1,50.17018,8.58361,219396,
Scharf Karosseriebau GmbH,HENFENFELD - Friedhofstrasse 3,49.49776,11.39227,219395,
Otto Kosmalla,NIEDERKASSEL* - Karl-Hass-Straße 9,50.83047,7.02716,219394,
AYTULUN AUTOSERVICE,KOELN - ENSENER WEG 18-20,50.89525,7.05392,219393,
Ralf Sammler GmbH Autoreparatu,SAARBRÜCKEN - Saar-Lor-Lux-Straße 6,49.25531,6.93728,219392,
Vangelista Reifen-Autoservice,SAARBRÜCKEN - Gerhard Strasse 5,49.24427,6.94476,219391,
WITTSTOCK & BECKER GMBH,SAARBRÜCKEN - Angela Braun Strasse 16C,49.23825,6.96427,219390,
Karosseriebau Scherer,MAINZ - Saarstrasse 48,49.99574,8.24044,219389,
THOMAS KRAML Lackiererei,GROSSR0SSELN - Am Hirschelheck 17,49.17149,6.84325,219388,
AH Küntzer GmbH,PÜTTLINGEN - Pickardstraße 41-43,49.28692,6.88625,219387,
Michael Jost Karosseriefachbet,ESCHRINGEN - Hauptstr.63,49.19148,7.09504,219386,
Autohaus Groß,PIRMASENS - Blocksbergstr. 37,49.19265,7.60208,219385,
Werkstatt & Tankstellen GmbH,ILLINGEN - Provinzialstr. 142,49.3930593,7.0753201,219384,
AUTOHAUS DIETER ZIMMERMANN,PIRMASENS - Texas Avenue 14,49.2162906,7.6089044,219383,
Reifen Kiefer GmbH,METTLACH-ORSCHHOLZ - Zum Leukbachtal 45,49.51124,6.52704,219382,
Reifen Kiefer GmbH,SAARBRÜCKEN - Saaruferstraße 95,49.23333,6.96572,219381,
Reifen Kiefer GmbH,SAARLOUIS - Lilienthalstraße 12-14,49.30982,6.73369,219380,
Reifen Kiefer GmbH,HOMBURG - In den Rohrwiesen 2,49.33384,7.34323,219379,
Reifen Kiefer GmbH,TRIER - Gottbillstraße 33,49.72517,6.59041,219378,
Reifen Kiefer GmbH,REHLINGEN-SIERSBURG - Beckinger Straße 42,49.37743,6.68158,219377,
Reifen Kiefer GmbH,PIRMASENS - Adlerstraße 57-59,49.19103,7.60023,219376,
AUTOHAUS SCHOTTENRING GMBH,NIDDA - HOHENSTEINER STR. 23A 201201,50.41118,9.0166,219375,
Autohaus Staden,SCHMELZ - Bettinger Straße 11,49.42745,6.8469,219374,
Autoplein Nijverdal,NIJVERDAL - Wierdensestraat 53,52.36347,6.49456,219372,
HSM Autoservice Roden,RODEN - Landfort 20,53.13876,6.40853,219371,
"LOUREIRO ALMEIDA & FILHOS, LDA.",ANGRA DO HEROÍSMO - GROTA DO VALE 40,38.6558695,-27.1999321,219370,
Garage Jef Willems bvba,ZOERSEL - Kwikaard 106,51.26875,4.62221,219368,
Auto Service Kugel,TJUCHEM - Hoofdweg 41,53.28045,6.87877,219367,
PON DLR BVELD OCC,BARNEVELD - AMBACHTSWEG 15,52.167,5.5878,219366,
Knivsta Motor AB ,KUNGSÄNGEN - Mätarvägen 1,59.50327,17.7412,219365,
Automobiltechnik Müller,DORTMUND - Prellerstraße 12a,51.5094,7.50626,219364,
DB Autoservice,SCHIJNDEL - Ambachtstraat 15,51.60645,5.44483,219363,
A&T Automotive,ZEVENHOVEN - Oude Spoorbaan 9,52.20512,4.79594,219362,
Autohaus Willi und Ernst Blume KG,BAD LAUTERBERG - Hauptstraße 264,51.63395,10.48064,219361,
Pekrito N.V.,ALKEN - Steenweg 294,50.87568,5.26514,219360,
Autohaus Elstermann GmbH,KLEIN-SCHARREL - Küstenkanalstraße 92-93 ,53.09335,8.07934,219359,
ZIJM ARNHEM SKODA,ARNHEM - PAPENKAMP 19,51.94708,5.88409,219358,
ZIJM NIJMEGEN,NIJMEGEN - NWE DUKENBURGSEWEG 13,51.82188,5.82222,219357,
WTM Wróbel Sp. z o.o. ,D?UGO??KA - Wroc?awska 51,51.17553,17.18194,219356,
Autohaus Glinicke GmbH,MINDEN - Ringstr. 9,52.27944,8.90199,219353,
Autobedrijf de Laat,STERKSEL - Pastoor Thijssenlaan 28,51.34857,5.61392,219352,
Garage Richard,AMERSFOORT - Chromiumweg 21,52.16621,5.36079,219350,
Dekrie Auto's B.V.,OISTERWIJK - Heusdensebaan 52,51.58809,5.19812,219349,
Autobedrijf Bert Steevens,DEURNE - Helmondseweg 105a,51.46068,5.77473,219348,
1A Autoservice Schubert,GROßSCHIRMA - An der B 101 nr. 4,50.96624,13.27757,219347,
Garagebedrijf Th. Schuurmans,BERLICUM  - De Enst 6,51.6761,5.39203,219346,
Idenburg Car Solutions,DELFT - Schieweg 81,51.98466,4.37135,219343,
Profile Car & Tyreservice Binckhorst,DEN HAAG - Zonweg 57,52.06904,4.34706,219340,
Autohaus Milz & Lindemann GmbH ,ÜBACH-PALENBERG  - Holthausenerstr. 60 ,50.91874,6.14386,219328,
Automec ,MADRID - Dehesa Vieja 74-80,40.39193,-3.58581,219327,
Garage V.D.B.,WOLVERTEM -  Merchtemsesteenweg 34,50.95107,4.305,219325,
MEREU AUTO S.p.A.,NUORO - Z.I. Prato Sardo Via Devoto,40.32631,9.27453,219324,
Garage de Block,BREEZAND - Wijdenes Spaansweg 12,52.89086,4.81247,219323,
Lenny's APK & Service,BOXTEL - Duit 6,51.60255,5.32509,219322,
Autobedrijf Chris Schreurs,KESSEL - Lindelaan 40,51.27982,6.02633,219319,
Profile Car & Tyreservice Stormsweg,KRIMPEN AAN DEN IJSSEL - Stormsweg 90,51.91026,4.57899,219297,
Autoservice Wim van Woudenberg,ALPHEN A/D RIJN - A. van Leeuwenhoekweg 21,52.12831,4.64445,219288,
Garage Klerks,HAARSTEEG - Klein Bernse Hoeve 6c,51.70971,5.18722,219277,
Autohaus Markus Figl GmbH,LANGENROHR-TULLN - Tullnerstraße 15,48.32198,16.0246,219273,
Profile Car & Tyreservice Ribo,GORINCHEM - Stationsweg  21,51.83454,4.97025,219264,
